CREATE DATABASE  IF NOT EXISTS `state_schematic` /*!40100 DEFAULT CHARACTER SET utf8 */;
USE `state_schematic`;
-- MySQL dump 10.13  Distrib 5.5.16, for Win32 (x86)
--
-- Host: localhost    Database: state_schematic
-- ------------------------------------------------------
-- Server version	5.1.68-community

/*!40101 SET @OLD_CHARACTER_SET_CLIENT=@@CHARACTER_SET_CLIENT */;
/*!40101 SET @OLD_CHARACTER_SET_RESULTS=@@CHARACTER_SET_RESULTS */;
/*!40101 SET @OLD_COLLATION_CONNECTION=@@COLLATION_CONNECTION */;
/*!40101 SET NAMES utf8 */;
/*!40103 SET @OLD_TIME_ZONE=@@TIME_ZONE */;
/*!40103 SET TIME_ZONE='+00:00' */;
/*!40014 SET @OLD_UNIQUE_CHECKS=@@UNIQUE_CHECKS, UNIQUE_CHECKS=0 */;
/*!40014 SET @OLD_FOREIGN_KEY_CHECKS=@@FOREIGN_KEY_CHECKS, FOREIGN_KEY_CHECKS=0 */;
/*!40101 SET @OLD_SQL_MODE=@@SQL_MODE, SQL_MODE='NO_AUTO_VALUE_ON_ZERO' */;
/*!40111 SET @OLD_SQL_NOTES=@@SQL_NOTES, SQL_NOTES=0 */;

--
-- Table structure for table `county`
--

DROP TABLE IF EXISTS `county`;
/*!40101 SET @saved_cs_client     = @@character_set_client */;
/*!40101 SET character_set_client = utf8 */;
CREATE TABLE `county` (
  `id` int(11) NOT NULL AUTO_INCREMENT,
  `description` varchar(45) NOT NULL,
  `state` varchar(2) DEFAULT NULL,
  `selectflag` varchar(45) DEFAULT NULL,
  PRIMARY KEY (`id`),
  UNIQUE KEY `id_UNIQUE` (`id`)
) ENGINE=InnoDB AUTO_INCREMENT=29511 DEFAULT CHARSET=utf8;
/*!40101 SET character_set_client = @saved_cs_client */;

--
-- Dumping data for table `county`
--

LOCK TABLES `county` WRITE;
/*!40000 ALTER TABLE `county` DISABLE KEYS */;
INSERT INTO `county` VALUES (29001,'Adair','29',NULL),(29003,'Andrew','29',NULL),(29005,'Atchison','29',NULL),(29007,'Audrain','29',NULL),(29009,'Barry','29',NULL),(29011,'Barton','29',NULL),(29013,'Bates','29',NULL),(29015,'Benton','29',NULL),(29017,'Bollinger','29',NULL),(29019,'Boone','29',NULL),(29021,'Buchanan','29',NULL),(29023,'Butler','29',NULL),(29025,'Caldwell','29',NULL),(29027,'Callaway','29',NULL),(29029,'Camden','29',NULL),(29031,'Cape Girardeau','29',NULL),(29033,'Carroll','29',NULL),(29035,'CARTER','29',NULL),(29037,'Cass','29',NULL),(29039,'Cedar','29',NULL),(29041,'Chariton','29',NULL),(29043,'Christian','29',NULL),(29045,'Clark','29',NULL),(29047,'Clay','29',NULL),(29049,'Clinton','29',NULL),(29051,'Cole','29',NULL),(29053,'Cooper','29',NULL),(29055,'Crawford','29',NULL),(29057,'Dade','29',NULL),(29059,'Dallas','29',NULL),(29061,'Daviess','29',NULL),(29063,'Dekalb','29',NULL),(29065,'Dent','29',NULL),(29067,'Douglas','29',NULL),(29069,'Dunklin','29',NULL),(29071,'Franklin','29',NULL),(29073,'Gasconade','29',NULL),(29075,'Gentry','29',NULL),(29077,'Greene','29',NULL),(29079,'Grundy','29',NULL),(29081,'Harrison','29',NULL),(29083,'Henry','29',NULL),(29085,'Hickory','29',NULL),(29087,'Holt','29',NULL),(29089,'Howard','29',NULL),(29091,'Howell','29',NULL),(29093,'IRON','29',NULL),(29095,'Jackson','29',NULL),(29097,'Jasper','29',NULL),(29099,'Jefferson','29',NULL),(29101,'Johnson','29',NULL),(29103,'KNOX','29',NULL),(29105,'Laclede','29',NULL),(29107,'Lafayette','29',NULL),(29109,'Lawrence','29',NULL),(29111,'Lewis','29',NULL),(29113,'Lincoln','29',NULL),(29115,'Linn','29',NULL),(29117,'Livingston','29',NULL),(29119,'McDonald','29',NULL),(29121,'Macon','29',NULL),(29123,'Madison','29',NULL),(29125,'MARIES','29',NULL),(29127,'Marion','29',NULL),(29129,'Mercer','29',NULL),(29131,'Miller','29',NULL),(29133,'MISSISSIPPI','29',NULL),(29135,'Moniteau','29',NULL),(29137,'Monroe','29',NULL),(29139,'Montgomery','29',NULL),(29141,'Morgan','29',NULL),(29143,'New Madrid','29',NULL),(29145,'Newton','29',NULL),(29147,'Nodaway','29',NULL),(29149,'Oregon','29',NULL),(29151,'Osage','29',NULL),(29153,'Ozark','29',NULL),(29155,'Pemiscot','29',NULL),(29157,'Perry','29',NULL),(29159,'Pettis','29',NULL),(29161,'Phelps','29',NULL),(29163,'Pike','29',NULL),(29165,'Platte','29',NULL),(29167,'Polk','29',NULL),(29169,'Pulaski','29',NULL),(29171,'Putnam','29',NULL),(29173,'Ralls','29',NULL),(29175,'Randolph','29',NULL),(29177,'Ray','29',NULL),(29179,'REYNOLDS','29',NULL),(29181,'Ripley','29',NULL),(29183,'Saint Charles','29',NULL),(29185,'Saint Clair','29',NULL),(29186,'Sainte Genevieve','29',NULL),(29187,'Saint Francois','29',NULL),(29189,'Saint Louis','29',NULL),(29195,'Saline','29',NULL),(29197,'Schuyler','29',NULL),(29199,'Scotland','29',NULL),(29201,'SCOTT','29',NULL),(29203,'Shannon','29',NULL),(29205,'Shelby','29',NULL),(29207,'Stoddard','29',NULL),(29209,'STONE','29',NULL),(29211,'Sullivan','29',NULL),(29213,'Taney','29',NULL),(29215,'Texas','29',NULL),(29217,'Vernon','29',NULL),(29219,'Warren','29',NULL),(29221,'Washington','29',NULL),(29223,'Wayne','29',NULL),(29225,'Webster','29',NULL),(29227,'Worth','29',NULL),(29229,'WRIGHT','29',NULL),(29510,'Saint Louis City','29',NULL);
/*!40000 ALTER TABLE `county` ENABLE KEYS */;
UNLOCK TABLES;

--
-- Table structure for table `employeesize`
--

DROP TABLE IF EXISTS `employeesize`;
/*!40101 SET @saved_cs_client     = @@character_set_client */;
/*!40101 SET character_set_client = utf8 */;
CREATE TABLE `employeesize` (
  `Id` int(11) NOT NULL AUTO_INCREMENT,
  `Description` varchar(45) NOT NULL,
  `DnB` varchar(45) DEFAULT NULL,
  PRIMARY KEY (`Id`),
  UNIQUE KEY `Id_UNIQUE` (`Id`)
) ENGINE=InnoDB AUTO_INCREMENT=8 DEFAULT CHARSET=utf8;
/*!40101 SET character_set_client = @saved_cs_client */;

--
-- Dumping data for table `employeesize`
--

LOCK TABLES `employeesize` WRITE;
/*!40000 ALTER TABLE `employeesize` DISABLE KEYS */;
INSERT INTO `employeesize` VALUES (0,'0 or Unknown',NULL),(1,'5',NULL),(2,'10',NULL),(3,'20',NULL),(4,'50',NULL),(5,'100',NULL),(6,'500',NULL),(7,'Greater',NULL);
/*!40000 ALTER TABLE `employeesize` ENABLE KEYS */;
UNLOCK TABLES;

--
-- Table structure for table `exported`
--

DROP TABLE IF EXISTS `exported`;
/*!40101 SET @saved_cs_client     = @@character_set_client */;
/*!40101 SET character_set_client = utf8 */;
CREATE TABLE `exported` (
  `Id` int(11) NOT NULL AUTO_INCREMENT,
  `ExportedOn` datetime DEFAULT NULL,
  `UserId` int(11) DEFAULT NULL,
  `RecordsExportedCount` int(11) DEFAULT NULL,
  `FileName` varchar(250) DEFAULT NULL,
  PRIMARY KEY (`Id`)
) ENGINE=InnoDB AUTO_INCREMENT=11 DEFAULT CHARSET=utf8;
/*!40101 SET character_set_client = @saved_cs_client */;

--
-- Dumping data for table `exported`
--

LOCK TABLES `exported` WRITE;
/*!40000 ALTER TABLE `exported` DISABLE KEYS */;
INSERT INTO `exported` VALUES (1,'2013-01-27 09:30:17',84,155,'test'),(2,'2013-01-27 09:39:12',84,155,'werwe'),(3,'2013-01-27 09:43:26',84,155,'test 324'),(4,'2013-01-27 09:49:46',84,1,'20130127_'),(5,'2013-01-27 09:52:09',84,155,'yrtyrtyrty_20130127'),(6,'2013-01-27 11:40:21',84,155,'test_20130127'),(7,'2013-02-13 16:59:37',1,1,'dfg_20130213'),(8,'2013-02-13 17:02:48',1,200,'fgf_20130213'),(9,'2013-02-13 17:05:01',1,200,'ty_20130213'),(10,'2013-02-13 17:09:10',1,200,'hhui_20130213');
/*!40000 ALTER TABLE `exported` ENABLE KEYS */;
UNLOCK TABLES;

--
-- Table structure for table `exported_company`
--

DROP TABLE IF EXISTS `exported_company`;
/*!40101 SET @saved_cs_client     = @@character_set_client */;
/*!40101 SET character_set_client = utf8 */;
CREATE TABLE `exported_company` (
  `Id` int(11) NOT NULL AUTO_INCREMENT,
  `CompanyId` varchar(15) DEFAULT NULL,
  `ExportedId` int(11) DEFAULT NULL,
  PRIMARY KEY (`Id`),
  KEY `ExportedId_idx` (`Id`),
  KEY `ExportedId_idx1` (`ExportedId`),
  CONSTRAINT `ExportedId` FOREIGN KEY (`ExportedId`) REFERENCES `exported` (`Id`) ON DELETE NO ACTION ON UPDATE NO ACTION
) ENGINE=InnoDB AUTO_INCREMENT=1378 DEFAULT CHARSET=utf8;
/*!40101 SET character_set_client = @saved_cs_client */;

--
-- Dumping data for table `exported_company`
--

LOCK TABLES `exported_company` WRITE;
/*!40000 ALTER TABLE `exported_company` DISABLE KEYS */;
INSERT INTO `exported_company` VALUES (1,'290000284544',1),(2,'290000210634',1),(3,'290000284668',1),(4,'290000284610',1),(5,'290000283295',1),(6,'290000180112',1),(7,'290000210142',1),(8,'290000208639',1),(9,'290000208971',1),(10,'290000208339',1),(11,'290000208933',1),(12,'290000208794',1),(13,'290000174614',1),(14,'290000208535',1),(15,'290000281573',1),(16,'290000174197',1),(17,'290000174456',1),(18,'290000211086',1),(19,'290000207527',1),(20,'290000283329',1),(21,'290000173872',1),(22,'290000176985',1),(23,'290000173783',1),(24,'290000281063',1),(25,'290000281038',1),(26,'290000281294',1),(27,'290000280803',1),(28,'290000279823',1),(29,'290000280682',1),(30,'290000172861',1),(31,'290000205394',1),(32,'290000172053',1),(33,'290000279234',1),(34,'290000175045',1),(35,'290000172025',1),(36,'290000171952',1),(37,'290000205382',1),(38,'290000171455',1),(39,'290000205369',1),(40,'290000281523',1),(41,'290000208435',1),(42,'290000279081',1),(43,'290000171432',1),(44,'290000174326',1),(45,'290000174431',1),(46,'290000278880',1),(47,'290000278015',1),(48,'290000169722',1),(49,'290000169710',1),(50,'290000203393',1),(51,'290000203371',1),(52,'290000277467',1),(53,'290000202864',1),(54,'290000169020',1),(55,'290000203284',1),(56,'290000173029',1),(57,'290000168637',1),(58,'290000172886',1),(59,'290000279366',1),(60,'290000168264',1),(61,'290000205657',1),(62,'290000201866',1),(63,'290000168168',1),(64,'290000276013',1),(65,'290000168014',1),(66,'290000166947',1),(67,'290000166766',1),(68,'290000275650',1),(69,'290000275627',1),(70,'290000165686',1),(71,'290000165769',1),(72,'290000275408',1),(73,'290000165680',1),(74,'290000275543',1),(75,'290000165670',1),(76,'290000200211',1),(77,'290000165306',1),(78,'290000200302',1),(79,'290000274307',1),(80,'290000274338',1),(81,'290000274340',1),(82,'290000164855',1),(83,'290000165008',1),(84,'290000165146',1),(85,'290000273937',1),(86,'290000200108',1),(87,'290000164236',1),(88,'290000202629',1),(89,'290000274001',1),(90,'290000168399',1),(91,'290000199583',1),(92,'290000273870',1),(93,'290000272907',1),(94,'290000197995',1),(95,'290000198675',1),(96,'290000272807',1),(97,'290000163621',1),(98,'290000273046',1),(99,'290000198791',1),(100,'290000198703',1),(101,'290000163683',1),(102,'290000163414',1),(103,'290000198588',1),(104,'290000163539',1),(105,'290000201687',1),(106,'290000197668',1),(107,'290000201734',1),(108,'290000163206',1),(109,'290000163470',1),(110,'290000197847',1),(111,'290000197493',1),(112,'290000197306',1),(113,'290000197699',1),(114,'290000197646',1),(115,'290000271613',1),(116,'290000200503',1),(117,'290000163547',1),(118,'290000163177',1),(119,'290000162301',1),(120,'290000197133',1),(121,'290000197125',1),(122,'290000270801',1),(123,'290000160772',1),(124,'290000269955',1),(125,'290000195401',1),(126,'290000160983',1),(127,'290000269757',1),(128,'290000160802',1),(129,'290000164154',1),(130,'290000194473',1),(131,'290000160474',1),(132,'290000195268',1),(133,'290000194361',1),(134,'290000269529',1),(135,'290000194376',1),(136,'290000194317',1),(137,'290000159300',1),(138,'290000268698',1),(139,'290000193815',1),(140,'290000159040',1),(141,'290000159008',1),(142,'290000193824',1),(143,'290000271175',1),(144,'290000193780',1),(145,'290000271436',1),(146,'290000158723',1),(147,'290000193549',1),(148,'290000158526',1),(149,'290000158357',1),(150,'290000192795',1),(151,'290000193572',1),(152,'290000158349',1),(153,'290000267498',1),(154,'290000158558',1),(155,'290000267898',1),(156,'290000284544',2),(157,'290000210634',2),(158,'290000284668',2),(159,'290000284610',2),(160,'290000283295',2),(161,'290000180112',2),(162,'290000210142',2),(163,'290000208639',2),(164,'290000208971',2),(165,'290000208339',2),(166,'290000208933',2),(167,'290000208794',2),(168,'290000174614',2),(169,'290000208535',2),(170,'290000281573',2),(171,'290000174197',2),(172,'290000174456',2),(173,'290000211086',2),(174,'290000207527',2),(175,'290000283329',2),(176,'290000173872',2),(177,'290000176985',2),(178,'290000173783',2),(179,'290000281063',2),(180,'290000281038',2),(181,'290000281294',2),(182,'290000280803',2),(183,'290000279823',2),(184,'290000280682',2),(185,'290000172861',2),(186,'290000205394',2),(187,'290000172053',2),(188,'290000279234',2),(189,'290000175045',2),(190,'290000172025',2),(191,'290000171952',2),(192,'290000205382',2),(193,'290000171455',2),(194,'290000205369',2),(195,'290000281523',2),(196,'290000208435',2),(197,'290000279081',2),(198,'290000171432',2),(199,'290000174326',2),(200,'290000174431',2),(201,'290000278880',2),(202,'290000278015',2),(203,'290000169722',2),(204,'290000169710',2),(205,'290000203393',2),(206,'290000203371',2),(207,'290000277467',2),(208,'290000202864',2),(209,'290000169020',2),(210,'290000203284',2),(211,'290000173029',2),(212,'290000168637',2),(213,'290000172886',2),(214,'290000279366',2),(215,'290000168264',2),(216,'290000205657',2),(217,'290000201866',2),(218,'290000168168',2),(219,'290000276013',2),(220,'290000168014',2),(221,'290000166947',2),(222,'290000166766',2),(223,'290000275650',2),(224,'290000275627',2),(225,'290000165686',2),(226,'290000165769',2),(227,'290000275408',2),(228,'290000165680',2),(229,'290000275543',2),(230,'290000165670',2),(231,'290000200211',2),(232,'290000165306',2),(233,'290000200302',2),(234,'290000274307',2),(235,'290000274338',2),(236,'290000274340',2),(237,'290000164855',2),(238,'290000165008',2),(239,'290000165146',2),(240,'290000273937',2),(241,'290000200108',2),(242,'290000164236',2),(243,'290000202629',2),(244,'290000274001',2),(245,'290000168399',2),(246,'290000199583',2),(247,'290000273870',2),(248,'290000272907',2),(249,'290000197995',2),(250,'290000198675',2),(251,'290000272807',2),(252,'290000163621',2),(253,'290000273046',2),(254,'290000198791',2),(255,'290000198703',2),(256,'290000163683',2),(257,'290000163414',2),(258,'290000198588',2),(259,'290000163539',2),(260,'290000201687',2),(261,'290000197668',2),(262,'290000201734',2),(263,'290000163206',2),(264,'290000163470',2),(265,'290000197847',2),(266,'290000197493',2),(267,'290000197306',2),(268,'290000197699',2),(269,'290000197646',2),(270,'290000271613',2),(271,'290000200503',2),(272,'290000163547',2),(273,'290000163177',2),(274,'290000162301',2),(275,'290000197133',2),(276,'290000197125',2),(277,'290000270801',2),(278,'290000160772',2),(279,'290000269955',2),(280,'290000195401',2),(281,'290000160983',2),(282,'290000269757',2),(283,'290000160802',2),(284,'290000164154',2),(285,'290000194473',2),(286,'290000160474',2),(287,'290000195268',2),(288,'290000194361',2),(289,'290000269529',2),(290,'290000194376',2),(291,'290000194317',2),(292,'290000159300',2),(293,'290000268698',2),(294,'290000193815',2),(295,'290000159040',2),(296,'290000159008',2),(297,'290000193824',2),(298,'290000271175',2),(299,'290000193780',2),(300,'290000271436',2),(301,'290000158723',2),(302,'290000193549',2),(303,'290000158526',2),(304,'290000158357',2),(305,'290000192795',2),(306,'290000193572',2),(307,'290000158349',2),(308,'290000267498',2),(309,'290000158558',2),(310,'290000267898',2),(311,'290000284544',3),(312,'290000210634',3),(313,'290000284668',3),(314,'290000284610',3),(315,'290000283295',3),(316,'290000180112',3),(317,'290000210142',3),(318,'290000208639',3),(319,'290000208971',3),(320,'290000208339',3),(321,'290000208933',3),(322,'290000208794',3),(323,'290000174614',3),(324,'290000208535',3),(325,'290000281573',3),(326,'290000174197',3),(327,'290000174456',3),(328,'290000211086',3),(329,'290000207527',3),(330,'290000283329',3),(331,'290000173872',3),(332,'290000176985',3),(333,'290000173783',3),(334,'290000281063',3),(335,'290000281038',3),(336,'290000281294',3),(337,'290000280803',3),(338,'290000279823',3),(339,'290000280682',3),(340,'290000172861',3),(341,'290000205394',3),(342,'290000172053',3),(343,'290000279234',3),(344,'290000175045',3),(345,'290000172025',3),(346,'290000171952',3),(347,'290000205382',3),(348,'290000171455',3),(349,'290000205369',3),(350,'290000281523',3),(351,'290000208435',3),(352,'290000279081',3),(353,'290000171432',3),(354,'290000174326',3),(355,'290000174431',3),(356,'290000278880',3),(357,'290000278015',3),(358,'290000169722',3),(359,'290000169710',3),(360,'290000203393',3),(361,'290000203371',3),(362,'290000277467',3),(363,'290000202864',3),(364,'290000169020',3),(365,'290000203284',3),(366,'290000173029',3),(367,'290000168637',3),(368,'290000172886',3),(369,'290000279366',3),(370,'290000168264',3),(371,'290000205657',3),(372,'290000201866',3),(373,'290000168168',3),(374,'290000276013',3),(375,'290000168014',3),(376,'290000166947',3),(377,'290000166766',3),(378,'290000275650',3),(379,'290000275627',3),(380,'290000165686',3),(381,'290000165769',3),(382,'290000275408',3),(383,'290000165680',3),(384,'290000275543',3),(385,'290000165670',3),(386,'290000200211',3),(387,'290000165306',3),(388,'290000200302',3),(389,'290000274307',3),(390,'290000274338',3),(391,'290000274340',3),(392,'290000164855',3),(393,'290000165008',3),(394,'290000165146',3),(395,'290000273937',3),(396,'290000200108',3),(397,'290000164236',3),(398,'290000202629',3),(399,'290000274001',3),(400,'290000168399',3),(401,'290000199583',3),(402,'290000273870',3),(403,'290000272907',3),(404,'290000197995',3),(405,'290000198675',3),(406,'290000272807',3),(407,'290000163621',3),(408,'290000273046',3),(409,'290000198791',3),(410,'290000198703',3),(411,'290000163683',3),(412,'290000163414',3),(413,'290000198588',3),(414,'290000163539',3),(415,'290000201687',3),(416,'290000197668',3),(417,'290000201734',3),(418,'290000163206',3),(419,'290000163470',3),(420,'290000197847',3),(421,'290000197493',3),(422,'290000197306',3),(423,'290000197699',3),(424,'290000197646',3),(425,'290000271613',3),(426,'290000200503',3),(427,'290000163547',3),(428,'290000163177',3),(429,'290000162301',3),(430,'290000197133',3),(431,'290000197125',3),(432,'290000270801',3),(433,'290000160772',3),(434,'290000269955',3),(435,'290000195401',3),(436,'290000160983',3),(437,'290000269757',3),(438,'290000160802',3),(439,'290000164154',3),(440,'290000194473',3),(441,'290000160474',3),(442,'290000195268',3),(443,'290000194361',3),(444,'290000269529',3),(445,'290000194376',3),(446,'290000194317',3),(447,'290000159300',3),(448,'290000268698',3),(449,'290000193815',3),(450,'290000159040',3),(451,'290000159008',3),(452,'290000193824',3),(453,'290000271175',3),(454,'290000193780',3),(455,'290000271436',3),(456,'290000158723',3),(457,'290000193549',3),(458,'290000158526',3),(459,'290000158357',3),(460,'290000192795',3),(461,'290000193572',3),(462,'290000158349',3),(463,'290000267498',3),(464,'290000158558',3),(465,'290000267898',3),(466,'290000284610',4),(467,'290000284544',5),(468,'290000210634',5),(469,'290000284668',5),(470,'290000284610',5),(471,'290000283295',5),(472,'290000180112',5),(473,'290000210142',5),(474,'290000208639',5),(475,'290000208971',5),(476,'290000208339',5),(477,'290000208933',5),(478,'290000208794',5),(479,'290000174614',5),(480,'290000208535',5),(481,'290000281573',5),(482,'290000174197',5),(483,'290000174456',5),(484,'290000211086',5),(485,'290000207527',5),(486,'290000283329',5),(487,'290000173872',5),(488,'290000176985',5),(489,'290000173783',5),(490,'290000281063',5),(491,'290000281038',5),(492,'290000281294',5),(493,'290000280803',5),(494,'290000279823',5),(495,'290000280682',5),(496,'290000172861',5),(497,'290000205394',5),(498,'290000172053',5),(499,'290000279234',5),(500,'290000175045',5),(501,'290000172025',5),(502,'290000171952',5),(503,'290000205382',5),(504,'290000171455',5),(505,'290000205369',5),(506,'290000281523',5),(507,'290000208435',5),(508,'290000279081',5),(509,'290000171432',5),(510,'290000174326',5),(511,'290000174431',5),(512,'290000278880',5),(513,'290000278015',5),(514,'290000169722',5),(515,'290000169710',5),(516,'290000203393',5),(517,'290000203371',5),(518,'290000277467',5),(519,'290000202864',5),(520,'290000169020',5),(521,'290000203284',5),(522,'290000173029',5),(523,'290000168637',5),(524,'290000172886',5),(525,'290000279366',5),(526,'290000168264',5),(527,'290000205657',5),(528,'290000201866',5),(529,'290000168168',5),(530,'290000276013',5),(531,'290000168014',5),(532,'290000166947',5),(533,'290000166766',5),(534,'290000275650',5),(535,'290000275627',5),(536,'290000165686',5),(537,'290000165769',5),(538,'290000275408',5),(539,'290000165680',5),(540,'290000275543',5),(541,'290000165670',5),(542,'290000200211',5),(543,'290000165306',5),(544,'290000200302',5),(545,'290000274307',5),(546,'290000274338',5),(547,'290000274340',5),(548,'290000164855',5),(549,'290000165008',5),(550,'290000165146',5),(551,'290000273937',5),(552,'290000200108',5),(553,'290000164236',5),(554,'290000202629',5),(555,'290000274001',5),(556,'290000168399',5),(557,'290000199583',5),(558,'290000273870',5),(559,'290000272907',5),(560,'290000197995',5),(561,'290000198675',5),(562,'290000272807',5),(563,'290000163621',5),(564,'290000273046',5),(565,'290000198791',5),(566,'290000198703',5),(567,'290000163683',5),(568,'290000163414',5),(569,'290000198588',5),(570,'290000163539',5),(571,'290000201687',5),(572,'290000197668',5),(573,'290000201734',5),(574,'290000163206',5),(575,'290000163470',5),(576,'290000197847',5),(577,'290000197493',5),(578,'290000197306',5),(579,'290000197699',5),(580,'290000197646',5),(581,'290000271613',5),(582,'290000200503',5),(583,'290000163547',5),(584,'290000163177',5),(585,'290000162301',5),(586,'290000197133',5),(587,'290000197125',5),(588,'290000270801',5),(589,'290000160772',5),(590,'290000269955',5),(591,'290000195401',5),(592,'290000160983',5),(593,'290000269757',5),(594,'290000160802',5),(595,'290000164154',5),(596,'290000194473',5),(597,'290000160474',5),(598,'290000195268',5),(599,'290000194361',5),(600,'290000269529',5),(601,'290000194376',5),(602,'290000194317',5),(603,'290000159300',5),(604,'290000268698',5),(605,'290000193815',5),(606,'290000159040',5),(607,'290000159008',5),(608,'290000193824',5),(609,'290000271175',5),(610,'290000193780',5),(611,'290000271436',5),(612,'290000158723',5),(613,'290000193549',5),(614,'290000158526',5),(615,'290000158357',5),(616,'290000192795',5),(617,'290000193572',5),(618,'290000158349',5),(619,'290000267498',5),(620,'290000158558',5),(621,'290000267898',5),(622,'290000284544',6),(623,'290000210634',6),(624,'290000284668',6),(625,'290000284610',6),(626,'290000283295',6),(627,'290000180112',6),(628,'290000210142',6),(629,'290000208639',6),(630,'290000208971',6),(631,'290000208339',6),(632,'290000208933',6),(633,'290000208794',6),(634,'290000174614',6),(635,'290000208535',6),(636,'290000281573',6),(637,'290000174197',6),(638,'290000174456',6),(639,'290000211086',6),(640,'290000207527',6),(641,'290000283329',6),(642,'290000173872',6),(643,'290000176985',6),(644,'290000173783',6),(645,'290000281063',6),(646,'290000281038',6),(647,'290000281294',6),(648,'290000280803',6),(649,'290000279823',6),(650,'290000280682',6),(651,'290000172861',6),(652,'290000205394',6),(653,'290000172053',6),(654,'290000279234',6),(655,'290000175045',6),(656,'290000172025',6),(657,'290000171952',6),(658,'290000205382',6),(659,'290000171455',6),(660,'290000205369',6),(661,'290000281523',6),(662,'290000208435',6),(663,'290000279081',6),(664,'290000171432',6),(665,'290000174326',6),(666,'290000174431',6),(667,'290000278880',6),(668,'290000278015',6),(669,'290000169722',6),(670,'290000169710',6),(671,'290000203393',6),(672,'290000203371',6),(673,'290000277467',6),(674,'290000202864',6),(675,'290000169020',6),(676,'290000203284',6),(677,'290000173029',6),(678,'290000168637',6),(679,'290000172886',6),(680,'290000279366',6),(681,'290000168264',6),(682,'290000205657',6),(683,'290000201866',6),(684,'290000168168',6),(685,'290000276013',6),(686,'290000168014',6),(687,'290000166947',6),(688,'290000166766',6),(689,'290000275650',6),(690,'290000275627',6),(691,'290000165686',6),(692,'290000165769',6),(693,'290000275408',6),(694,'290000165680',6),(695,'290000275543',6),(696,'290000165670',6),(697,'290000200211',6),(698,'290000165306',6),(699,'290000200302',6),(700,'290000274307',6),(701,'290000274338',6),(702,'290000274340',6),(703,'290000164855',6),(704,'290000165008',6),(705,'290000165146',6),(706,'290000273937',6),(707,'290000200108',6),(708,'290000164236',6),(709,'290000202629',6),(710,'290000274001',6),(711,'290000168399',6),(712,'290000199583',6),(713,'290000273870',6),(714,'290000272907',6),(715,'290000197995',6),(716,'290000198675',6),(717,'290000272807',6),(718,'290000163621',6),(719,'290000273046',6),(720,'290000198791',6),(721,'290000198703',6),(722,'290000163683',6),(723,'290000163414',6),(724,'290000198588',6),(725,'290000163539',6),(726,'290000201687',6),(727,'290000197668',6),(728,'290000201734',6),(729,'290000163206',6),(730,'290000163470',6),(731,'290000197847',6),(732,'290000197493',6),(733,'290000197306',6),(734,'290000197699',6),(735,'290000197646',6),(736,'290000271613',6),(737,'290000200503',6),(738,'290000163547',6),(739,'290000163177',6),(740,'290000162301',6),(741,'290000197133',6),(742,'290000197125',6),(743,'290000270801',6),(744,'290000160772',6),(745,'290000269955',6),(746,'290000195401',6),(747,'290000160983',6),(748,'290000269757',6),(749,'290000160802',6),(750,'290000164154',6),(751,'290000194473',6),(752,'290000160474',6),(753,'290000195268',6),(754,'290000194361',6),(755,'290000269529',6),(756,'290000194376',6),(757,'290000194317',6),(758,'290000159300',6),(759,'290000268698',6),(760,'290000193815',6),(761,'290000159040',6),(762,'290000159008',6),(763,'290000193824',6),(764,'290000271175',6),(765,'290000193780',6),(766,'290000271436',6),(767,'290000158723',6),(768,'290000193549',6),(769,'290000158526',6),(770,'290000158357',6),(771,'290000192795',6),(772,'290000193572',6),(773,'290000158349',6),(774,'290000267498',6),(775,'290000158558',6),(776,'290000267898',6),(777,'290000504523',7),(778,'290000211086',8),(779,'290000199583',8),(780,'290000320216',8),(781,'290000358456',8),(782,'290000357885',8),(783,'290000148712',8),(784,'290000444900',8),(785,'290000444863',8),(786,'290000444854',8),(787,'290000444805',8),(788,'290000444765',8),(789,'290000531827',8),(790,'290000503826',8),(791,'290000503810',8),(792,'290000444499',8),(793,'290000444275',8),(794,'290000444243',8),(795,'290000444239',8),(796,'290000444232',8),(797,'290000444204',8),(798,'290000444184',8),(799,'290000444176',8),(800,'290000444167',8),(801,'290000443679',8),(802,'290000530459',8),(803,'290000442989',8),(804,'290000442768',8),(805,'290000442654',8),(806,'290000442612',8),(807,'290000442512',8),(808,'290000501489',8),(809,'290000442474',8),(810,'290000442471',8),(811,'290000442448',8),(812,'290000442439',8),(813,'290000442282',8),(814,'290000442247',8),(815,'290000442244',8),(816,'290000442242',8),(817,'290000441846',8),(818,'290000441523',8),(819,'290000441503',8),(820,'290000441373',8),(821,'290000441277',8),(822,'290000441259',8),(823,'290000441255',8),(824,'290000441251',8),(825,'290000441241',8),(826,'290000441162',8),(827,'290000441158',8),(828,'290000441147',8),(829,'290000441143',8),(830,'290000441139',8),(831,'290000441137',8),(832,'290000441105',8),(833,'290000528491',8),(834,'290000440942',8),(835,'290000440897',8),(836,'290000440894',8),(837,'290000440889',8),(838,'290000440886',8),(839,'290000440838',8),(840,'290000440778',8),(841,'290000440710',8),(842,'290000440701',8),(843,'290000440695',8),(844,'290000440693',8),(845,'290000440545',8),(846,'290000440519',8),(847,'290000440309',8),(848,'290000440304',8),(849,'290000439935',8),(850,'290000439761',8),(851,'290000439736',8),(852,'290000439644',8),(853,'290000439597',8),(854,'290000439575',8),(855,'290000439498',8),(856,'290000439470',8),(857,'290000439465',8),(858,'290000439427',8),(859,'290000439407',8),(860,'290000439402',8),(861,'290000439302',8),(862,'290000439299',8),(863,'290000439294',8),(864,'290000439289',8),(865,'290000439281',8),(866,'290000439278',8),(867,'290000439265',8),(868,'290000439263',8),(869,'290000439259',8),(870,'290000439223',8),(871,'290000439218',8),(872,'290000439213',8),(873,'290000438677',8),(874,'290000438464',8),(875,'290000526406',8),(876,'290000438293',8),(877,'290000438049',8),(878,'290000438024',8),(879,'290000438015',8),(880,'290000438009',8),(881,'290000437990',8),(882,'290000437980',8),(883,'290000437967',8),(884,'290000437956',8),(885,'290000437954',8),(886,'290000437927',8),(887,'290000437676',8),(888,'290000437674',8),(889,'290000437672',8),(890,'290000437454',8),(891,'290000437451',8),(892,'290000437446',8),(893,'290000437443',8),(894,'290000437440',8),(895,'290000437429',8),(896,'290000437422',8),(897,'290000437415',8),(898,'290000437409',8),(899,'290000437406',8),(900,'290000437398',8),(901,'290000437395',8),(902,'290000437392',8),(903,'290000437382',8),(904,'290000437373',8),(905,'290000437370',8),(906,'290000437365',8),(907,'290000437362',8),(908,'290000437359',8),(909,'290000437356',8),(910,'290000437353',8),(911,'290000437348',8),(912,'290000437345',8),(913,'290000437342',8),(914,'290000437336',8),(915,'290000437322',8),(916,'290000437308',8),(917,'290000437301',8),(918,'290000437279',8),(919,'290000437276',8),(920,'290000437269',8),(921,'290000437266',8),(922,'290000437263',8),(923,'290000437260',8),(924,'290000437252',8),(925,'290000437249',8),(926,'290000437244',8),(927,'290000437241',8),(928,'290000437236',8),(929,'290000437229',8),(930,'290000437222',8),(931,'290000437219',8),(932,'290000437216',8),(933,'290000437207',8),(934,'290000437201',8),(935,'290000437196',8),(936,'290000437194',8),(937,'290000437157',8),(938,'290000437155',8),(939,'290000437153',8),(940,'290000437148',8),(941,'290000437141',8),(942,'290000437079',8),(943,'290000437068',8),(944,'290000437034',8),(945,'290000436993',8),(946,'290000436036',8),(947,'290000435990',8),(948,'290000435969',8),(949,'290000435916',8),(950,'290000435906',8),(951,'290000435890',8),(952,'290000435873',8),(953,'290000435851',8),(954,'290000435844',8),(955,'290000435834',8),(956,'290000435798',8),(957,'290000435796',8),(958,'290000435792',8),(959,'290000435783',8),(960,'290000435776',8),(961,'290000435773',8),(962,'290000435768',8),(963,'290000435736',8),(964,'290000435686',8),(965,'290000435683',8),(966,'290000435644',8),(967,'290000435637',8),(968,'290000435633',8),(969,'290000435617',8),(970,'290000435613',8),(971,'290000435573',8),(972,'290000435568',8),(973,'290000435566',8),(974,'290000435564',8),(975,'290000435550',8),(976,'290000435533',8),(977,'290000435525',8),(978,'290000504551',9),(979,'290000504549',9),(980,'290000504541',9),(981,'290000504538',9),(982,'290000504525',9),(983,'290000504523',9),(984,'290000504497',9),(985,'290000504464',9),(986,'290000504454',9),(987,'290000504434',9),(988,'290000504427',9),(989,'290000444903',9),(990,'290000444890',9),(991,'290000444888',9),(992,'290000444798',9),(993,'290000444796',9),(994,'290000532397',9),(995,'290000532329',9),(996,'290000532326',9),(997,'290000532317',9),(998,'290000504362',9),(999,'290000504354',9),(1000,'290000504349',9),(1001,'290000504344',9),(1002,'290000504330',9),(1003,'290000504321',9),(1004,'290000504309',9),(1005,'290000444791',9),(1006,'290000444788',9),(1007,'290000444786',9),(1008,'290000444784',9),(1009,'290000444778',9),(1010,'290000444774',9),(1011,'290000444772',9),(1012,'290000444757',9),(1013,'290000444734',9),(1014,'290000444730',9),(1015,'290000444724',9),(1016,'290000444719',9),(1017,'290000532171',9),(1018,'290000532160',9),(1019,'290000531964',9),(1020,'290000531851',9),(1021,'290000504291',9),(1022,'290000504281',9),(1023,'290000504263',9),(1024,'290000504250',9),(1025,'290000504249',9),(1026,'290000504088',9),(1027,'290000504037',9),(1028,'290000444712',9),(1029,'290000444683',9),(1030,'290000444613',9),(1031,'290000444572',9),(1032,'290000444535',9),(1033,'290000531476',9),(1034,'290000503320',9),(1035,'290000503244',9),(1036,'290000503241',9),(1037,'290000503227',9),(1038,'290000503220',9),(1039,'290000503175',9),(1040,'290000444527',9),(1041,'290000444514',9),(1042,'290000444504',9),(1043,'290000444394',9),(1044,'290000444377',9),(1045,'290000444374',9),(1046,'290000444372',9),(1047,'290000444366',9),(1048,'290000444344',9),(1049,'290000444327',9),(1050,'290000444322',9),(1051,'290000444317',9),(1052,'290000444220',9),(1053,'290000444190',9),(1054,'290000531132',9),(1055,'290000444131',9),(1056,'290000502550',9),(1057,'290000502537',9),(1058,'290000502525',9),(1059,'290000502497',9),(1060,'290000502490',9),(1061,'290000502485',9),(1062,'290000502483',9),(1063,'290000530857',9),(1064,'290000530655',9),(1065,'290000502383',9),(1066,'290000502375',9),(1067,'290000502373',9),(1068,'290000502324',9),(1069,'290000502296',9),(1070,'290000502291',9),(1071,'290000530527',9),(1072,'290000502214',9),(1073,'290000502158',9),(1074,'290000502156',9),(1075,'290000502154',9),(1076,'290000502152',9),(1077,'290000502144',9),(1078,'290000502138',9),(1079,'290000502119',9),(1080,'290000502115',9),(1081,'290000502113',9),(1082,'290000502111',9),(1083,'290000502109',9),(1084,'290000502101',9),(1085,'290000502099',9),(1086,'290000502095',9),(1087,'290000443148',9),(1088,'290000443088',9),(1089,'290000443082',9),(1090,'290000443075',9),(1091,'290000443071',9),(1092,'290000443062',9),(1093,'290000443055',9),(1094,'290000443052',9),(1095,'290000443040',9),(1096,'290000443034',9),(1097,'290000443031',9),(1098,'290000443000',9),(1099,'290000442998',9),(1100,'290000530467',9),(1101,'290000529909',9),(1102,'290000502076',9),(1103,'290000502074',9),(1104,'290000502072',9),(1105,'290000502070',9),(1106,'290000502062',9),(1107,'290000502060',9),(1108,'290000502054',9),(1109,'290000502052',9),(1110,'290000502050',9),(1111,'290000502048',9),(1112,'290000502046',9),(1113,'290000442992',9),(1114,'290000442981',9),(1115,'290000442976',9),(1116,'290000442964',9),(1117,'290000442959',9),(1118,'290000442936',9),(1119,'290000442930',9),(1120,'290000502034',9),(1121,'290000502032',9),(1122,'290000502030',9),(1123,'290000502015',9),(1124,'290000502013',9),(1125,'290000501946',9),(1126,'290000501896',9),(1127,'290000501892',9),(1128,'290000442890',9),(1129,'290000442867',9),(1130,'290000442825',9),(1131,'290000442820',9),(1132,'290000442817',9),(1133,'290000442813',9),(1134,'290000442810',9),(1135,'290000442764',9),(1136,'290000529633',9),(1137,'290000501888',9),(1138,'290000501882',9),(1139,'290000501880',9),(1140,'290000501809',9),(1141,'290000501792',9),(1142,'290000501785',9),(1143,'290000501783',9),(1144,'290000501779',9),(1145,'290000501776',9),(1146,'290000442738',9),(1147,'290000442735',9),(1148,'290000442732',9),(1149,'290000442721',9),(1150,'290000442701',9),(1151,'290000442662',9),(1152,'290000442625',9),(1153,'290000442622',9),(1154,'290000442619',9),(1155,'290000501735',9),(1156,'290000501723',9),(1157,'290000501718',9),(1158,'290000501716',9),(1159,'290000442594',9),(1160,'290000442570',9),(1161,'290000442565',9),(1162,'290000442563',9),(1163,'290000442561',9),(1164,'290000442559',9),(1165,'290000442549',9),(1166,'290000442546',9),(1167,'290000442543',9),(1168,'290000442541',9),(1169,'290000442538',9),(1170,'290000442503',9),(1171,'290000442491',9),(1172,'290000501681',9),(1173,'290000501674',9),(1174,'290000501617',9),(1175,'290000501614',9),(1176,'290000442489',9),(1177,'290000442465',9),(1178,'290000504543',10),(1179,'290000444905',10),(1180,'290000444896',10),(1181,'290000444885',10),(1182,'290000444880',10),(1183,'290000444878',10),(1184,'290000444868',10),(1185,'290000444846',10),(1186,'290000444839',10),(1187,'290000444810',10),(1188,'290000504397',10),(1189,'290000444770',10),(1190,'290000444768',10),(1191,'290000444754',10),(1192,'290000444749',10),(1193,'290000444746',10),(1194,'290000444743',10),(1195,'290000444740',10),(1196,'290000444737',10),(1197,'290000531965',10),(1198,'290000444716',10),(1199,'290000444695',10),(1200,'290000444693',10),(1201,'290000444690',10),(1202,'290000444688',10),(1203,'290000444681',10),(1204,'290000444669',10),(1205,'290000444664',10),(1206,'290000444661',10),(1207,'290000444656',10),(1208,'290000444653',10),(1209,'290000444647',10),(1210,'290000444642',10),(1211,'290000444631',10),(1212,'290000444628',10),(1213,'290000444625',10),(1214,'290000444623',10),(1215,'290000444621',10),(1216,'290000444618',10),(1217,'290000444616',10),(1218,'290000444610',10),(1219,'290000444607',10),(1220,'290000444604',10),(1221,'290000444601',10),(1222,'290000444579',10),(1223,'290000444577',10),(1224,'290000444567',10),(1225,'290000444538',10),(1226,'290000444532',10),(1227,'290000444486',10),(1228,'290000444459',10),(1229,'290000444383',10),(1230,'290000444359',10),(1231,'290000444347',10),(1232,'290000444319',10),(1233,'290000444307',10),(1234,'290000444247',10),(1235,'290000444245',10),(1236,'290000444234',10),(1237,'290000444227',10),(1238,'290000444222',10),(1239,'290000444215',10),(1240,'290000444210',10),(1241,'290000444208',10),(1242,'290000444206',10),(1243,'290000444202',10),(1244,'290000444198',10),(1245,'290000444187',10),(1246,'290000444179',10),(1247,'290000444174',10),(1248,'290000444171',10),(1249,'290000444161',10),(1250,'290000502480',10),(1251,'290000502392',10),(1252,'290000443665',10),(1253,'290000443086',10),(1254,'290000442986',10),(1255,'290000442954',10),(1256,'290000442923',10),(1257,'290000442915',10),(1258,'290000442913',10),(1259,'290000442902',10),(1260,'290000442898',10),(1261,'290000442895',10),(1262,'290000501948',10),(1263,'290000501938',10),(1264,'290000501933',10),(1265,'290000501926',10),(1266,'290000501924',10),(1267,'290000442893',10),(1268,'290000442884',10),(1269,'290000442860',10),(1270,'290000442834',10),(1271,'290000442770',10),(1272,'290000442762',10),(1273,'290000501866',10),(1274,'290000501805',10),(1275,'290000442760',10),(1276,'290000442745',10),(1277,'290000442743',10),(1278,'290000442740',10),(1279,'290000442698',10),(1280,'290000442695',10),(1281,'290000442672',10),(1282,'290000442669',10),(1283,'290000442651',10),(1284,'290000442614',10),(1285,'290000442583',10),(1286,'290000442581',10),(1287,'290000442579',10),(1288,'290000442575',10),(1289,'290000442533',10),(1290,'290000442505',10),(1291,'290000501547',10),(1292,'290000442476',10),(1293,'290000442461',10),(1294,'290000442379',10),(1295,'290000442377',10),(1296,'290000442374',10),(1297,'290000442368',10),(1298,'290000442345',10),(1299,'290000442333',10),(1300,'290000501374',10),(1301,'290000501361',10),(1302,'290000500974',10),(1303,'290000442263',10),(1304,'290000442254',10),(1305,'290000442237',10),(1306,'290000442232',10),(1307,'290000442230',10),(1308,'290000442219',10),(1309,'290000442178',10),(1310,'290000442170',10),(1311,'290000500879',10),(1312,'290000442153',10),(1313,'290000441549',10),(1314,'290000441533',10),(1315,'290000441515',10),(1316,'290000441510',10),(1317,'290000441442',10),(1318,'290000441431',10),(1319,'290000441403',10),(1320,'290000441398',10),(1321,'290000441396',10),(1322,'290000441394',10),(1323,'290000441383',10),(1324,'290000441365',10),(1325,'290000441341',10),(1326,'290000441338',10),(1327,'290000441334',10),(1328,'290000441332',10),(1329,'290000441329',10),(1330,'290000441327',10),(1331,'290000441324',10),(1332,'290000441319',10),(1333,'290000441315',10),(1334,'290000441313',10),(1335,'290000441303',10),(1336,'290000441300',10),(1337,'290000441295',10),(1338,'290000441289',10),(1339,'290000441281',10),(1340,'290000441273',10),(1341,'290000441265',10),(1342,'290000441261',10),(1343,'290000441249',10),(1344,'290000441243',10),(1345,'290000441239',10),(1346,'290000441235',10),(1347,'290000441225',10),(1348,'290000441223',10),(1349,'290000441221',10),(1350,'290000441217',10),(1351,'290000441215',10),(1352,'290000441211',10),(1353,'290000441208',10),(1354,'290000441204',10),(1355,'290000441202',10),(1356,'290000441200',10),(1357,'290000441198',10),(1358,'290000441196',10),(1359,'290000441194',10),(1360,'290000441192',10),(1361,'290000441185',10),(1362,'290000441166',10),(1363,'290000441125',10),(1364,'290000441120',10),(1365,'290000441118',10),(1366,'290000441114',10),(1367,'290000500298',10),(1368,'290000441102',10),(1369,'290000441031',10),(1370,'290000441026',10),(1371,'290000440974',10),(1372,'290000440971',10),(1373,'290000440967',10),(1374,'290000440954',10),(1375,'290000440944',10),(1376,'290000440938',10),(1377,'290000499548',10);
/*!40000 ALTER TABLE `exported_company` ENABLE KEYS */;
UNLOCK TABLES;

--
-- Table structure for table `jigsaw_logins`
--

DROP TABLE IF EXISTS `jigsaw_logins`;
/*!40101 SET @saved_cs_client     = @@character_set_client */;
/*!40101 SET character_set_client = utf8 */;
CREATE TABLE `jigsaw_logins` (
  `id` int(11) NOT NULL,
  `user_id` int(11) NOT NULL,
  `login_date` datetime NOT NULL,
  `status` bit(1) NOT NULL,
  PRIMARY KEY (`id`),
  UNIQUE KEY `id_UNIQUE` (`id`)
) ENGINE=InnoDB DEFAULT CHARSET=utf8;
/*!40101 SET character_set_client = @saved_cs_client */;

--
-- Dumping data for table `jigsaw_logins`
--

LOCK TABLES `jigsaw_logins` WRITE;
/*!40000 ALTER TABLE `jigsaw_logins` DISABLE KEYS */;
/*!40000 ALTER TABLE `jigsaw_logins` ENABLE KEYS */;
UNLOCK TABLES;

--
-- Table structure for table `loginfo`
--

DROP TABLE IF EXISTS `loginfo`;
/*!40101 SET @saved_cs_client     = @@character_set_client */;
/*!40101 SET character_set_client = utf8 */;
CREATE TABLE `loginfo` (
  `id` int(11) NOT NULL AUTO_INCREMENT,
  `username` varchar(45) NOT NULL,
  `password` varchar(45) NOT NULL,
  `lastloginDate` datetime NOT NULL,
  `CompanyName` varchar(45) NOT NULL,
  `name` varchar(45) NOT NULL,
  `lastlogoutDate` datetime DEFAULT NULL,
  `eventtype` varchar(45) NOT NULL,
  `ReportCount` int(11) NOT NULL,
  PRIMARY KEY (`id`),
  UNIQUE KEY `id_UNIQUE` (`id`)
) ENGINE=InnoDB DEFAULT CHARSET=utf8;
/*!40101 SET character_set_client = @saved_cs_client */;

--
-- Dumping data for table `loginfo`
--

LOCK TABLES `loginfo` WRITE;
/*!40000 ALTER TABLE `loginfo` DISABLE KEYS */;
/*!40000 ALTER TABLE `loginfo` ENABLE KEYS */;
UNLOCK TABLES;

--
-- Table structure for table `number_of_logins`
--

DROP TABLE IF EXISTS `number_of_logins`;
/*!40101 SET @saved_cs_client     = @@character_set_client */;
/*!40101 SET character_set_client = utf8 */;
CREATE TABLE `number_of_logins` (
  `id` int(11) NOT NULL AUTO_INCREMENT,
  `userId` int(11) NOT NULL,
  `loginDate` datetime NOT NULL,
  `loginCount` int(11) unsigned zerofill NOT NULL,
  PRIMARY KEY (`id`),
  KEY `userId_idx` (`userId`),
  CONSTRAINT `user_Id` FOREIGN KEY (`userId`) REFERENCES `user` (`id`) ON DELETE CASCADE ON UPDATE NO ACTION
) ENGINE=InnoDB AUTO_INCREMENT=15 DEFAULT CHARSET=utf8;
/*!40101 SET character_set_client = @saved_cs_client */;

--
-- Dumping data for table `number_of_logins`
--

LOCK TABLES `number_of_logins` WRITE;
/*!40000 ALTER TABLE `number_of_logins` DISABLE KEYS */;
INSERT INTO `number_of_logins` VALUES (14,15,'2013-03-04 09:17:46',00000000009);
/*!40000 ALTER TABLE `number_of_logins` ENABLE KEYS */;
UNLOCK TABLES;

--
-- Table structure for table `role`
--

DROP TABLE IF EXISTS `role`;
/*!40101 SET @saved_cs_client     = @@character_set_client */;
/*!40101 SET character_set_client = utf8 */;
CREATE TABLE `role` (
  `id` int(11) NOT NULL AUTO_INCREMENT,
  `name` varchar(45) NOT NULL,
  PRIMARY KEY (`id`)
) ENGINE=InnoDB AUTO_INCREMENT=6 DEFAULT CHARSET=utf8;
/*!40101 SET character_set_client = @saved_cs_client */;

--
-- Dumping data for table `role`
--

LOCK TABLES `role` WRITE;
/*!40000 ALTER TABLE `role` DISABLE KEYS */;
INSERT INTO `role` VALUES (1,'Master'),(2,'Carrier'),(3,'Agency'),(4,'Producer'),(5,'Administrator');
/*!40000 ALTER TABLE `role` ENABLE KEYS */;
UNLOCK TABLES;

--
-- Table structure for table `searchlog`
--

DROP TABLE IF EXISTS `searchlog`;
/*!40101 SET @saved_cs_client     = @@character_set_client */;
/*!40101 SET character_set_client = utf8 */;
CREATE TABLE `searchlog` (
  `qui` int(11) NOT NULL AUTO_INCREMENT,
  `id` int(11) NOT NULL,
  `searchname` varchar(45) NOT NULL,
  `description` varchar(45) NOT NULL,
  `address` varchar(45) NOT NULL,
  `city` varchar(45) NOT NULL,
  `state` varchar(2) NOT NULL,
  `zip` varchar(45) NOT NULL,
  `SICCode` longtext NOT NULL,
  `EffectiveMonth` varchar(45) NOT NULL,
  `PhoneEmp` bit(1) NOT NULL,
  `EmpSizeRange` varchar(45) NOT NULL,
  `CountyName` varchar(45) NOT NULL,
  `Active` bit(1) NOT NULL,
  `ClassCode` longtext NOT NULL,
  PRIMARY KEY (`qui`),
  UNIQUE KEY `qui_UNIQUE` (`qui`)
) ENGINE=InnoDB AUTO_INCREMENT=45 DEFAULT CHARSET=utf8;
/*!40101 SET character_set_client = @saved_cs_client */;

--
-- Dumping data for table `searchlog`
--

LOCK TABLES `searchlog` WRITE;
/*!40000 ALTER TABLE `searchlog` DISABLE KEYS */;
INSERT INTO `searchlog` VALUES (38,1,'test','test','','','','','0111,0112,0115,0116,0119,0131,0132,0133,0134,0139,0161,0171,0172,0173,0174,0175,0179,0181,0182,0191,0211,0212,0213,0214,0219,0241,0251,0252,0253,0254,0259,0271,0272,0273,0279,0291,0711,0721,0722,0723,0724,0741,0742,0751,0752,0761,0762,0781,0782,0783,0811,0831,0851,0912,0913,0919,0921,0971','','','0,7','','\0',''),(39,1,'testwe qw','test','','','','','0111,0112,0115,0116,0119,0131,0132,0133,0134,0139,0161,0171,0172,0173,0174,0175,0179,0181,0182,0191,0211,0212,0213,0214,0219,0241,0251,0252,0253,0254,0259,0271,0272,0273,0279,0291,0711,0721,0722,0723,0724,0741,0742,0751,0752,0761,0762,0781,0782,0783,0811,0831,0851,0912,0913,0919,0921,0971','','','0,7','qweq','\0',''),(40,1,'tet ecvcccc','','','','','','','','','0,7','','\0','22,221,2211,22111,22112,2212,22121,2213,22131,22132,22133'),(41,1,'2222222','','','','','','0111,0112,0115,0116,0119,0131,0132,0133,0134,0139,0161,0171,0172,0173,0174,0175,0179,0181,0182,0191,0211,0212,0213,0214,0219,0241,0251,0252,0253,0254,0259,0271,0272,0273,0279,0291,0711,0721,0722,0723,0724,0741,0742,0751,0752,0761,0762,0781,0782,0783,0811,0831,0851,0912,0913,0919,0921,0971,6011,6019,6021,6022,6029,6035,6036,6061,6062,6081,6082,6091,6099,6111,6141,6153,6159,6162,6163,6211,6221,6231,6282,6289,6311,6321,6324,6331,6351,6361,6371,6399,6411,6512,6513,6514,6515,6517,6519,6531,6541,6552,6553,6712,6719,6722,6726,6732,6733,6792,6794,6798,6799','','','0,7','','\0','22,221,2211,22111,22112,2212,22121,2213,22131,22132,22133'),(42,1,'fsdfsdf','','','','','','','','','0,7','','\0',''),(43,1,'1111111','','','','','','','03,07','','0,7','','\0',''),(44,1,'324234234234','','','','','','','','','0,7','','\0','');
/*!40000 ALTER TABLE `searchlog` ENABLE KEYS */;
UNLOCK TABLES;

--
-- Table structure for table `siccode`
--

DROP TABLE IF EXISTS `siccode`;
/*!40101 SET @saved_cs_client     = @@character_set_client */;
/*!40101 SET character_set_client = utf8 */;
CREATE TABLE `siccode` (
  `Id` int(11) NOT NULL AUTO_INCREMENT,
  `ParentId` varchar(45) NOT NULL,
  `Code` varchar(45) NOT NULL,
  `Description` varchar(45) NOT NULL,
  PRIMARY KEY (`Id`),
  UNIQUE KEY `Id_UNIQUE` (`Id`)
) ENGINE=InnoDB AUTO_INCREMENT=9652 DEFAULT CHARSET=utf8;
/*!40101 SET character_set_client = @saved_cs_client */;

--
-- Dumping data for table `siccode`
--

LOCK TABLES `siccode` WRITE;
/*!40000 ALTER TABLE `siccode` DISABLE KEYS */;
INSERT INTO `siccode` VALUES (111,'','','01'),(112,'','','01'),(115,'','','01'),(116,'','','01'),(119,'','','01'),(131,'','','01'),(132,'','','01'),(139,'','','01'),(161,'','','01'),(171,'','','01'),(172,'','','01'),(173,'','','01'),(175,'','','01'),(181,'','','01'),(182,'','','01'),(191,'','','01'),(211,'','','02'),(212,'','','02'),(213,'','','02'),(214,'','','02'),(219,'','','02'),(241,'','','02'),(251,'','','02'),(252,'','','02'),(253,'','','02'),(254,'','','02'),(259,'','','02'),(272,'','','02'),(273,'','','02'),(279,'','','02'),(291,'','','02'),(711,'','','07'),(721,'','','07'),(722,'','','07'),(723,'','','07'),(724,'','','07'),(741,'','','07'),(742,'','','07'),(751,'','','07'),(752,'','','07'),(761,'','','07'),(762,'','','07'),(781,'','','07'),(782,'','','07'),(783,'','','07'),(811,'','','08'),(831,'','','08'),(851,'','','08'),(921,'','','09'),(971,'','','09'),(1011,'','','10'),(1031,'','','10'),(1081,'','','10'),(1221,'','','12'),(1241,'','','12'),(1311,'','','13'),(1321,'','','13'),(1381,'','','13'),(1382,'','','13'),(1389,'','','13'),(1411,'','','14'),(1422,'','','14'),(1423,'','','14'),(1429,'','','14'),(1442,'','','14'),(1446,'','','14'),(1455,'','','14'),(1459,'','','14'),(1481,'','','14'),(1499,'','','14'),(1521,'','','15'),(1522,'','','15'),(1531,'','','15'),(1541,'','','15'),(1542,'','','15'),(1611,'','','16'),(1622,'','','16'),(1623,'','','16'),(1629,'','','16'),(1711,'','','17'),(1721,'','','17'),(1731,'','','17'),(1741,'','','17'),(1742,'','','17'),(1743,'','','17'),(1751,'','','17'),(1752,'','','17'),(1761,'','','17'),(1771,'','','17'),(1781,'','','17'),(1791,'','','17'),(1793,'','','17'),(1794,'','','17'),(1795,'','','17'),(1796,'','','17'),(1799,'','','17'),(2011,'','','20'),(2013,'','','20'),(2015,'','','20'),(2021,'','','20'),(2022,'','','20'),(2023,'','','20'),(2024,'','','20'),(2026,'','','20'),(2032,'','','20'),(2033,'','','20'),(2035,'','','20'),(2037,'','','20'),(2038,'','','20'),(2041,'','','20'),(2043,'','','20'),(2045,'','','20'),(2046,'','','20'),(2047,'','','20'),(2048,'','','20'),(2051,'','','20'),(2052,'','','20'),(2053,'','','20'),(2063,'','','20'),(2064,'','','20'),(2066,'','','20'),(2068,'','','20'),(2075,'','','20'),(2077,'','','20'),(2079,'','','20'),(2082,'','','20'),(2084,'','','20'),(2085,'','','20'),(2086,'','','20'),(2087,'','','20'),(2095,'','','20'),(2096,'','','20'),(2097,'','','20'),(2098,'','','20'),(2099,'','','20'),(2111,'','','21'),(2131,'','','21'),(2211,'','','22'),(2221,'','','22'),(2241,'','','22'),(2252,'','','22'),(2253,'','','22'),(2259,'','','22'),(2261,'','','22'),(2262,'','','22'),(2273,'','','22'),(2284,'','','22'),(2295,'','','22'),(2297,'','','22'),(2298,'','','22'),(2299,'','','22'),(2311,'','','23'),(2321,'','','23'),(2325,'','','23'),(2326,'','','23'),(2341,'','','23'),(2342,'','','23'),(2353,'','','23'),(2369,'','','23'),(2381,'','','23'),(2385,'','','23'),(2389,'','','23'),(2391,'','','23'),(2392,'','','23'),(2393,'','','23'),(2394,'','','23'),(2395,'','','23'),(2396,'','','23'),(2397,'','','23'),(2399,'','','23'),(2411,'','','24'),(2421,'','','24'),(2426,'','','24'),(2429,'','','24'),(2431,'','','24'),(2434,'','','24'),(2435,'','','24'),(2439,'','','24'),(2441,'','','24'),(2448,'','','24'),(2449,'','','24'),(2451,'','','24'),(2452,'','','24'),(2491,'','','24'),(2493,'','','24'),(2499,'','','24'),(2511,'','','25'),(2512,'','','25'),(2514,'','','25'),(2515,'','','25'),(2519,'','','25'),(2521,'','','25'),(2522,'','','25'),(2531,'','','25'),(2541,'','','25'),(2542,'','','25'),(2591,'','','25'),(2599,'','','25'),(2611,'','','26'),(2621,'','','26'),(2631,'','','26'),(2653,'','','26'),(2655,'','','26'),(2657,'','','26'),(2671,'','','26'),(2672,'','','26'),(2673,'','','26'),(2674,'','','26'),(2675,'','','26'),(2676,'','','26'),(2677,'','','26'),(2679,'','','26'),(2711,'','','27'),(2721,'','','27'),(2731,'','','27'),(2732,'','','27'),(2741,'','','27'),(2752,'','','27'),(2754,'','','27'),(2759,'','','27'),(2761,'','','27'),(2771,'','','27'),(2782,'','','27'),(2789,'','','27'),(2791,'','','27'),(2796,'','','27'),(2812,'','','28'),(2813,'','','28'),(2819,'','','28'),(2821,'','','28'),(2822,'','','28'),(2824,'','','28'),(2833,'','','28'),(2834,'','','28'),(2835,'','','28'),(2836,'','','28'),(2841,'','','28'),(2842,'','','28'),(2843,'','','28'),(2844,'','','28'),(2851,'','','28'),(2861,'','','28'),(2869,'','','28'),(2873,'','','28'),(2874,'','','28'),(2875,'','','28'),(2879,'','','28'),(2891,'','','28'),(2892,'','','28'),(2893,'','','28'),(2899,'','','28'),(2911,'','','29'),(2951,'','','29'),(2952,'','','29'),(2992,'','','29'),(3011,'','','30'),(3021,'','','30'),(3053,'','','30'),(3061,'','','30'),(3069,'','','30'),(3081,'','','30'),(3082,'','','30'),(3083,'','','30'),(3084,'','','30'),(3085,'','','30'),(3086,'','','30'),(3087,'','','30'),(3088,'','','30'),(3089,'','','30'),(3111,'','','31'),(3131,'','','31'),(3143,'','','31'),(3149,'','','31'),(3151,'','','31'),(3161,'','','31'),(3172,'','','31'),(3199,'','','31'),(3211,'','','32'),(3229,'','','32'),(3231,'','','32'),(3251,'','','32'),(3255,'','','32'),(3269,'','','32'),(3271,'','','32'),(3272,'','','32'),(3273,'','','32'),(3274,'','','32'),(3281,'','','32'),(3291,'','','32'),(3295,'','','32'),(3296,'','','32'),(3297,'','','32'),(3299,'','','32'),(3312,'','','33'),(3315,'','','33'),(3316,'','','33'),(3317,'','','33'),(3321,'','','33'),(3324,'','','33'),(3325,'','','33'),(3334,'','','33'),(3339,'','','33'),(3341,'','','33'),(3351,'','','33'),(3354,'','','33'),(3355,'','','33'),(3356,'','','33'),(3357,'','','33'),(3363,'','','33'),(3364,'','','33'),(3365,'','','33'),(3366,'','','33'),(3369,'','','33'),(3398,'','','33'),(3399,'','','33'),(3411,'','','34'),(3412,'','','34'),(3421,'','','34'),(3423,'','','34'),(3429,'','','34'),(3431,'','','34'),(3432,'','','34'),(3433,'','','34'),(3441,'','','34'),(3442,'','','34'),(3443,'','','34'),(3444,'','','34'),(3446,'','','34'),(3448,'','','34'),(3449,'','','34'),(3451,'','','34'),(3452,'','','34'),(3462,'','','34'),(3465,'','','34'),(3469,'','','34'),(3471,'','','34'),(3479,'','','34'),(3482,'','','34'),(3484,'','','34'),(3491,'','','34'),(3492,'','','34'),(3493,'','','34'),(3494,'','','34'),(3495,'','','34'),(3496,'','','34'),(3497,'','','34'),(3498,'','','34'),(3499,'','','34'),(3511,'','','35'),(3519,'','','35'),(3523,'','','35'),(3524,'','','35'),(3531,'','','35'),(3532,'','','35'),(3533,'','','35'),(3534,'','','35'),(3535,'','','35'),(3536,'','','35'),(3537,'','','35'),(3541,'','','35'),(3542,'','','35'),(3543,'','','35'),(3544,'','','35'),(3545,'','','35'),(3546,'','','35'),(3547,'','','35'),(3548,'','','35'),(3549,'','','35'),(3552,'','','35'),(3553,'','','35'),(3554,'','','35'),(3555,'','','35'),(3556,'','','35'),(3559,'','','35'),(3561,'','','35'),(3563,'','','35'),(3564,'','','35'),(3565,'','','35'),(3566,'','','35'),(3567,'','','35'),(3568,'','','35'),(3569,'','','35'),(3571,'','','35'),(3575,'','','35'),(3577,'','','35'),(3578,'','','35'),(3579,'','','35'),(3581,'','','35'),(3582,'','','35'),(3585,'','','35'),(3589,'','','35'),(3592,'','','35'),(3594,'','','35'),(3596,'','','35'),(3599,'','','35'),(3612,'','','36'),(3613,'','','36'),(3621,'','','36'),(3624,'','','36'),(3625,'','','36'),(3629,'','','36'),(3631,'','','36'),(3634,'','','36'),(3639,'','','36'),(3643,'','','36'),(3644,'','','36'),(3645,'','','36'),(3646,'','','36'),(3647,'','','36'),(3648,'','','36'),(3651,'','','36'),(3661,'','','36'),(3663,'','','36'),(3669,'','','36'),(3672,'','','36'),(3674,'','','36'),(3675,'','','36'),(3677,'','','36'),(3678,'','','36'),(3679,'','','36'),(3691,'','','36'),(3692,'','','36'),(3694,'','','36'),(3695,'','','36'),(3699,'','','36'),(3711,'','','37'),(3713,'','','37'),(3714,'','','37'),(3715,'','','37'),(3721,'','','37'),(3724,'','','37'),(3728,'','','37'),(3731,'','','37'),(3732,'','','37'),(3743,'','','37'),(3751,'','','37'),(3792,'','','37'),(3795,'','','37'),(3799,'','','37'),(3812,'','','38'),(3821,'','','38'),(3822,'','','38'),(3823,'','','38'),(3824,'','','38'),(3825,'','','38'),(3826,'','','38'),(3827,'','','38'),(3829,'','','38'),(3841,'','','38'),(3842,'','','38'),(3843,'','','38'),(3844,'','','38'),(3845,'','','38'),(3851,'','','38'),(3861,'','','38'),(3873,'','','38'),(3911,'','','39'),(3914,'','','39'),(3931,'','','39'),(3942,'','','39'),(3944,'','','39'),(3949,'','','39'),(3952,'','','39'),(3953,'','','39'),(3955,'','','39'),(3961,'','','39'),(3965,'','','39'),(3991,'','','39'),(3993,'','','39'),(3995,'','','39'),(3996,'','','39'),(3999,'','','39'),(4013,'','','40'),(4111,'','','41'),(4119,'','','41'),(4121,'','','41'),(4131,'','','41'),(4141,'','','41'),(4142,'','','41'),(4151,'','','41'),(4173,'','','41'),(4212,'','','42'),(4213,'','','42'),(4214,'','','42'),(4215,'','','42'),(4221,'','','42'),(4222,'','','42'),(4225,'','','42'),(4226,'','','42'),(4231,'','','42'),(4311,'','','43'),(4412,'','','44'),(4449,'','','44'),(4489,'','','44'),(4491,'','','44'),(4493,'','','44'),(4499,'','','44'),(4512,'','','45'),(4513,'','','45'),(4522,'','','45'),(4581,'','','45'),(4612,'','','46'),(4619,'','','46'),(4724,'','','47'),(4725,'','','47'),(4729,'','','47'),(4731,'','','47'),(4741,'','','47'),(4783,'','','47'),(4785,'','','47'),(4789,'','','47'),(4812,'','','48'),(4813,'','','48'),(4822,'','','48'),(4832,'','','48'),(4833,'','','48'),(4841,'','','48'),(4899,'','','48'),(4911,'','','49'),(4922,'','','49'),(4923,'','','49'),(4924,'','','49'),(4925,'','','49'),(4931,'','','49'),(4932,'','','49'),(4939,'','','49'),(4941,'','','49'),(4952,'','','49'),(4953,'','','49'),(4959,'','','49'),(4961,'','','49'),(4971,'','','49'),(5012,'','','50'),(5013,'','','50'),(5014,'','','50'),(5015,'','','50'),(5021,'','','50'),(5023,'','','50'),(5031,'','','50'),(5032,'','','50'),(5033,'','','50'),(5039,'','','50'),(5043,'','','50'),(5044,'','','50'),(5045,'','','50'),(5046,'','','50'),(5047,'','','50'),(5048,'','','50'),(5049,'','','50'),(5051,'','','50'),(5052,'','','50'),(5063,'','','50'),(5064,'','','50'),(5065,'','','50'),(5072,'','','50'),(5074,'','','50'),(5075,'','','50'),(5078,'','','50'),(5082,'','','50'),(5083,'','','50'),(5084,'','','50'),(5085,'','','50'),(5087,'','','50'),(5088,'','','50'),(5091,'','','50'),(5092,'','','50'),(5093,'','','50'),(5094,'','','50'),(5099,'','','50'),(5111,'','','51'),(5112,'','','51'),(5113,'','','51'),(5122,'','','51'),(5131,'','','51'),(5136,'','','51'),(5137,'','','51'),(5139,'','','51'),(5141,'','','51'),(5142,'','','51'),(5143,'','','51'),(5144,'','','51'),(5145,'','','51'),(5146,'','','51'),(5147,'','','51'),(5148,'','','51'),(5149,'','','51'),(5153,'','','51'),(5154,'','','51'),(5159,'','','51'),(5162,'','','51'),(5169,'','','51'),(5171,'','','51'),(5172,'','','51'),(5181,'','','51'),(5182,'','','51'),(5191,'','','51'),(5192,'','','51'),(5193,'','','51'),(5194,'','','51'),(5198,'','','51'),(5199,'','','51'),(5211,'','','52'),(5231,'','','52'),(5251,'','','52'),(5261,'','','52'),(5271,'','','52'),(5311,'','','53'),(5331,'','','53'),(5399,'','','53'),(5411,'','','54'),(5421,'','','54'),(5431,'','','54'),(5441,'','','54'),(5451,'','','54'),(5461,'','','54'),(5499,'','','54'),(5511,'','','55'),(5521,'','','55'),(5531,'','','55'),(5541,'','','55'),(5551,'','','55'),(5561,'','','55'),(5571,'','','55'),(5599,'','','55'),(5611,'','','56'),(5621,'','','56'),(5632,'','','56'),(5641,'','','56'),(5651,'','','56'),(5661,'','','56'),(5699,'','','56'),(5712,'','','57'),(5713,'','','57'),(5714,'','','57'),(5719,'','','57'),(5722,'','','57'),(5731,'','','57'),(5734,'','','57'),(5735,'','','57'),(5736,'','','57'),(5812,'','','58'),(5813,'','','58'),(5912,'','','59'),(5921,'','','59'),(5932,'','','59'),(5941,'','','59'),(5942,'','','59'),(5943,'','','59'),(5944,'','','59'),(5945,'','','59'),(5946,'','','59'),(5947,'','','59'),(5948,'','','59'),(5949,'','','59'),(5961,'','','59'),(5962,'','','59'),(5963,'','','59'),(5983,'','','59'),(5984,'','','59'),(5989,'','','59'),(5992,'','','59'),(5993,'','','59'),(5994,'','','59'),(5995,'','','59'),(5999,'','','59'),(6019,'','','60'),(6021,'','','60'),(6022,'','','60'),(6029,'','','60'),(6035,'','','60'),(6036,'','','60'),(6061,'','','60'),(6062,'','','60'),(6099,'','','60'),(6111,'','','61'),(6141,'','','61'),(6153,'','','61'),(6159,'','','61'),(6162,'','','61'),(6163,'','','61'),(6211,'','','62'),(6221,'','','62'),(6231,'','','62'),(6282,'','','62'),(6289,'','','62'),(6311,'','','63'),(6321,'','','63'),(6324,'','','63'),(6331,'','','63'),(6351,'','','63'),(6361,'','','63'),(6371,'','','63'),(6399,'','','63'),(6411,'','','64'),(6512,'','','65'),(6513,'','','65'),(6514,'','','65'),(6515,'','','65'),(6519,'','','65'),(6531,'','','65'),(6541,'','','65'),(6552,'','','65'),(6553,'','','65'),(6712,'','','67'),(6719,'','','67'),(6722,'','','67'),(6726,'','','67'),(6732,'','','67'),(6733,'','','67'),(6792,'','','67'),(6794,'','','67'),(6798,'','','67'),(6799,'','','67'),(7011,'','','70'),(7021,'','','70'),(7032,'','','70'),(7033,'','','70'),(7041,'','','70'),(7211,'','','72'),(7212,'','','72'),(7213,'','','72'),(7215,'','','72'),(7216,'','','72'),(7217,'','','72'),(7218,'','','72'),(7219,'','','72'),(7221,'','','72'),(7231,'','','72'),(7241,'','','72'),(7251,'','','72'),(7261,'','','72'),(7291,'','','72'),(7299,'','','72'),(7311,'','','73'),(7312,'','','73'),(7313,'','','73'),(7319,'','','73'),(7322,'','','73'),(7323,'','','73'),(7331,'','','73'),(7334,'','','73'),(7335,'','','73'),(7336,'','','73'),(7338,'','','73'),(7342,'','','73'),(7349,'','','73'),(7352,'','','73'),(7353,'','','73'),(7359,'','','73'),(7361,'','','73'),(7363,'','','73'),(7371,'','','73'),(7372,'','','73'),(7373,'','','73'),(7374,'','','73'),(7375,'','','73'),(7376,'','','73'),(7377,'','','73'),(7378,'','','73'),(7379,'','','73'),(7381,'','','73'),(7382,'','','73'),(7383,'','','73'),(7384,'','','73'),(7389,'','','73'),(7513,'','','75'),(7514,'','','75'),(7515,'','','75'),(7519,'','','75'),(7521,'','','75'),(7532,'','','75'),(7533,'','','75'),(7534,'','','75'),(7536,'','','75'),(7537,'','','75'),(7538,'','','75'),(7539,'','','75'),(7542,'','','75'),(7549,'','','75'),(7622,'','','76'),(7623,'','','76'),(7629,'','','76'),(7631,'','','76'),(7641,'','','76'),(7692,'','','76'),(7694,'','','76'),(7699,'','','76'),(7812,'','','78'),(7819,'','','78'),(7822,'','','78'),(7829,'','','78'),(7832,'','','78'),(7841,'','','78'),(7911,'','','79'),(7922,'','','79'),(7929,'','','79'),(7933,'','','79'),(7941,'','','79'),(7948,'','','79'),(7991,'','','79'),(7992,'','','79'),(7993,'','','79'),(7996,'','','79'),(7997,'','','79'),(7999,'','','79'),(8011,'','','80'),(8021,'','','80'),(8031,'','','80'),(8041,'','','80'),(8042,'','','80'),(8043,'','','80'),(8049,'','','80'),(8051,'','','80'),(8052,'','','80'),(8059,'','','80'),(8062,'','','80'),(8063,'','','80'),(8069,'','','80'),(8071,'','','80'),(8072,'','','80'),(8082,'','','80'),(8092,'','','80'),(8093,'','','80'),(8099,'','','80'),(8111,'','','81'),(8211,'','','82'),(8221,'','','82'),(8222,'','','82'),(8231,'','','82'),(8243,'','','82'),(8244,'','','82'),(8249,'','','82'),(8299,'','','82'),(8322,'','','83'),(8331,'','','83'),(8351,'','','83'),(8361,'','','83'),(8399,'','','83'),(8412,'','','84'),(8422,'','','84'),(8611,'','','86'),(8621,'','','86'),(8631,'','','86'),(8641,'','','86'),(8651,'','','86'),(8661,'','','86'),(8699,'','','86'),(8711,'','','87'),(8712,'','','87'),(8713,'','','87'),(8721,'','','87'),(8731,'','','87'),(8732,'','','87'),(8733,'','','87'),(8734,'','','87'),(8741,'','','87'),(8742,'','','87'),(8743,'','','87'),(8744,'','','87'),(8748,'','','87'),(8811,'','','88'),(8999,'','','89'),(9111,'','','91'),(9121,'','','91'),(9131,'','','91'),(9199,'','','91'),(9211,'','','92'),(9221,'','','92'),(9222,'','','92'),(9223,'','','92'),(9224,'','','92'),(9229,'','','92'),(9311,'','','93'),(9411,'','','94'),(9431,'','','94'),(9441,'','','94'),(9511,'','','95'),(9512,'','','95'),(9531,'','','95'),(9532,'','','95'),(9611,'','','96'),(9621,'','','96'),(9631,'','','96'),(9641,'','','96'),(9651,'','','96');
/*!40000 ALTER TABLE `siccode` ENABLE KEYS */;
UNLOCK TABLES;

--
-- Table structure for table `usageinfo`
--

DROP TABLE IF EXISTS `usageinfo`;
/*!40101 SET @saved_cs_client     = @@character_set_client */;
/*!40101 SET character_set_client = utf8 */;
CREATE TABLE `usageinfo` (
  `id` int(11) NOT NULL AUTO_INCREMENT,
  `username` varchar(45) NOT NULL,
  `name` varchar(45) NOT NULL,
  `reportid` int(11) NOT NULL,
  `description` varchar(45) NOT NULL,
  `address` varchar(45) NOT NULL,
  `city` varchar(45) NOT NULL,
  `state` varchar(45) NOT NULL,
  `zip` varchar(45) NOT NULL,
  `zipplus4` varchar(45) NOT NULL,
  `classcode` int(11) NOT NULL,
  `siccode` int(11) NOT NULL,
  `status` varchar(45) NOT NULL,
  `effectivedate` varchar(45) NOT NULL,
  `carriernum` varchar(45) NOT NULL,
  `phoneemp` varchar(45) NOT NULL,
  `contactname` varchar(45) NOT NULL,
  `empsizerange` varchar(45) NOT NULL,
  `salesvolrange` varchar(45) NOT NULL,
  `carriername` varchar(45) NOT NULL,
  `countyname` varchar(45) NOT NULL,
  `NAICCarrierNumber` varchar(45) NOT NULL,
  `NAICGroupName` varchar(45) NOT NULL,
  `createdAt` datetime DEFAULT NULL,
  PRIMARY KEY (`id`),
  UNIQUE KEY `id_UNIQUE` (`id`)
) ENGINE=InnoDB AUTO_INCREMENT=112 DEFAULT CHARSET=utf8;
/*!40101 SET character_set_client = @saved_cs_client */;

--
-- Dumping data for table `usageinfo`
--

LOCK TABLES `usageinfo` WRITE;
/*!40000 ALTER TABLE `usageinfo` DISABLE KEYS */;
INSERT INTO `usageinfo` VALUES (1,'test','CENTRAL NATURAL RESOURCES INC',0,'','911 MAIN ST STE 1710','KANSAS CITY','MO','64105','',0,6519,'','02/01','','816-842-2430','Phelps C Wood','5 TO 9','','HARTFORD FIRE AND CASUALTY GROUP','Jackson','','','0001-01-01 00:00:00'),(2,'test','AMERICAN WATER TREATMENT INC',0,'','6324 BARTMER AVE','SAINT LOUIS','MO','63130','',0,7699,'','02/01','','314-721-0470','Sam Wilson','20 TO 49','','HARTFORD FIRE AND CASUALTY GROUP','Saint Louis','','','0001-01-01 00:00:00'),(3,'test','E EUGENE KING IV DDS INC',0,'','807 HAZELWEST DR','HAZELWOOD','MO','63042','',0,8021,'','02/07','','314-731-5464','Eugene King','5 TO 9','','HARTFORD FIRE AND CASUALTY GROUP','Saint Louis','','','2012-12-28 20:20:56'),(4,'test','CHINESE NODDLE CAFE INC',0,'','6138 DELMAR BLVD','SAINT LOUIS','MO','63112','',0,5812,'','02/01','','314-725-9889','Teddy Hou','0 TO 4','','ZURICH INSURANCE GROUP','Saint Louis City','','','2012-12-28 20:23:20'),(5,'test','SUB TECHNOLOGIES INC',0,'','','','','','',0,5046,'','09/15','','816-795-9955','John Wells','50 TO 99','','AMERICAN INTERNATIONAL GROUP','Jackson','','','2012-12-28 20:23:42'),(6,'test','E EUGENE KING IV DDS INC',0,'','807 HAZELWEST DR','HAZELWOOD','MO','63042','',0,8021,'','02/07','','314-731-5464','Eugene King','5 TO 9','','HARTFORD FIRE AND CASUALTY GROUP','Saint Louis','','','2012-12-28 20:25:44'),(8,'test','E EUGENE KING IV DDS INC',0,'','807 HAZELWEST DR','HAZELWOOD','MO','63042','',0,8021,'','02/07','','314-731-5464','Eugene King','5 TO 9','','HARTFORD FIRE AND CASUALTY GROUP','Saint Louis','','','2012-12-28 20:48:12'),(9,'jmc1','JONES & HOROWITZ SALES CO INC',0,'','1914 GRAND BLVD','KANSAS CITY','MO','64108','',0,5661,'','10/01','','816-474-4212','Alex Horowitz','10 TO 19','','ACE LTD GROUP','Jackson','','','2013-01-14 17:53:57'),(10,'jmc1','JONES & HOROWITZ SALES CO INC',0,'','1914 GRAND BLVD','KANSAS CITY','MO','64108','',0,5661,'','10/01','','816-474-4212','Alex Horowitz','10 TO 19','','ACE LTD GROUP','Jackson','','','2013-01-14 17:59:38'),(11,'jmc1','JONES & HOROWITZ SALES CO INC',0,'','1914 GRAND BLVD','KANSAS CITY','MO','64108','',0,5661,'','10/01','','816-474-4212','Alex Horowitz','10 TO 19','','ACE LTD GROUP','Jackson','','','2013-01-14 18:21:38'),(12,'jmc1','HEARTWOOD LUMBER SALES INC',0,'','6701 SELMORE RD','OZARK','MO','65721','',0,5211,'','02/01','','417-443-2322','June Somers','10 TO 19','','BLUE CROSS BLUE SHIELD OF MICHIGAN GROUP','Christian','','','2013-01-14 18:25:29'),(13,'jmc1','HEARTWOOD LUMBER SALES INC',0,'','6701 SELMORE RD','OZARK','MO','65721','',0,5211,'','02/01','','417-443-2322','June Somers','10 TO 19','','BLUE CROSS BLUE SHIELD OF MICHIGAN GROUP','Christian','','','2013-01-14 20:23:41'),(14,'jmc1','HEARTWOOD LUMBER SALES INC',0,'','6701 SELMORE RD','OZARK','MO','65721','',0,5211,'','02/01','','417-443-2322','June Somers','10 TO 19','','BLUE CROSS BLUE SHIELD OF MICHIGAN GROUP','Christian','','','2013-01-14 20:25:23'),(15,'jmc1','HEARTWOOD LUMBER SALES INC',0,'','6701 SELMORE RD','OZARK','MO','65721','',0,5211,'','02/01','','417-443-2322','June Somers','10 TO 19','','BLUE CROSS BLUE SHIELD OF MICHIGAN GROUP','Christian','','','2013-01-14 20:45:19'),(16,'jmc1','HEARTWOOD LUMBER SALES INC',0,'','6701 SELMORE RD','OZARK','MO','65721','',0,5211,'','02/01','','417-443-2322','June Somers','10 TO 19','','BLUE CROSS BLUE SHIELD OF MICHIGAN GROUP','Christian','','','2013-01-14 20:46:26'),(17,'jmc1','HUNT MIDWEST ENTERPRISES INC',0,'','8300 NE UNDERGROUND DR','KANSAS CITY','MO','64161','',0,6552,'','09/30','','816-455-2500','Lee A Derrough','100 TO 499','','ZURICH INSURANCE GROUP','Clay','','','2013-01-14 20:46:40'),(18,'jmc1','HEARTWOOD LUMBER SALES INC',0,'','6701 SELMORE RD','OZARK','MO','65721','',0,5211,'','02/01','','417-443-2322','June Somers','10 TO 19','','BLUE CROSS BLUE SHIELD OF MICHIGAN GROUP','Christian','','','2013-01-14 20:47:13'),(19,'jmc1','HEARTWOOD LUMBER SALES INC',0,'','6701 SELMORE RD','OZARK','MO','65721','',0,5211,'','02/01','','417-443-2322','June Somers','10 TO 19','','BLUE CROSS BLUE SHIELD OF MICHIGAN GROUP','Christian','','','2013-01-14 21:01:26'),(20,'jmc1','HEARTWOOD LUMBER SALES INC',0,'','6701 SELMORE RD','OZARK','MO','65721','',0,5211,'','02/01','','417-443-2322','June Somers','10 TO 19','','BLUE CROSS BLUE SHIELD OF MICHIGAN GROUP','Christian','','','2013-01-14 21:02:37'),(21,'jmc1','JONES & HOROWITZ SALES CO INC',0,'','1914 GRAND BLVD','KANSAS CITY','MO','64108','',0,5661,'','10/01','','816-474-4212','Alex Horowitz','10 TO 19','','ACE LTD GROUP','Jackson','','','2013-01-14 21:03:36'),(22,'jmc1','SUB TECHNOLOGIES INC',0,'','','','','','',0,5046,'','09/15','','816-795-9955','John Wells','50 TO 99','','AMERICAN INTERNATIONAL GROUP','Jackson','','','2013-01-14 21:05:11'),(23,'jmc1','MEDICINE & HEALTHCARE INC',0,'','15870 CLAYTON RD','ELLISVILLE','MO','63011','',0,8099,'','09/04','','636-227-5525','James L Reinhardt','0 TO 4','','STATE AUTO MUTUAL GROUP','Saint Louis','','','2013-01-14 21:23:27'),(24,'jmc1','JONES & HOROWITZ SALES CO INC',0,'','1914 GRAND BLVD','KANSAS CITY','MO','64108','',0,5661,'','10/01','','816-474-4212','Alex Horowitz','10 TO 19','','ACE LTD GROUP','Jackson','','','2013-01-14 21:28:12'),(25,'jmc1','HEARTWOOD LUMBER SALES INC',0,'','6701 SELMORE RD','OZARK','MO','65721','',0,5211,'','02/01','','417-443-2322','June Somers','10 TO 19','','BLUE CROSS BLUE SHIELD OF MICHIGAN GROUP','Christian','','','2013-01-14 21:32:47'),(26,'jmc1','HEARTWOOD LUMBER SALES INC',0,'','6701 SELMORE RD','OZARK','MO','65721','',0,5211,'','02/01','','417-443-2322','June Somers','10 TO 19','','BLUE CROSS BLUE SHIELD OF MICHIGAN GROUP','Christian','','','2013-01-14 21:34:33'),(27,'jmc1','CENTRAL NATURAL RESOURCES INC',0,'','911 MAIN ST STE 1710','KANSAS CITY','MO','64105','',0,6519,'','02/01','','816-842-2430','Phelps C Wood','5 TO 9','','HARTFORD FIRE AND CASUALTY GROUP','Jackson','','','2013-01-14 21:34:49'),(28,'jmc1','JONES & HOROWITZ SALES CO INC',0,'','1914 GRAND BLVD','KANSAS CITY','MO','64108','',0,5661,'','10/01','','816-474-4212','Alex Horowitz','10 TO 19','','ACE LTD GROUP','Jackson','','','2013-01-14 21:39:04'),(29,'jmc1','HUNT MIDWEST ENTERPRISES INC',0,'','8300 NE UNDERGROUND DR','KANSAS CITY','MO','64161','',0,6552,'','09/30','','816-455-2500','Lee A Derrough','100 TO 499','','ZURICH INSURANCE GROUP','Clay','','','2013-01-14 21:53:55'),(30,'jmc1','HEARTWOOD LUMBER SALES INC',0,'','6701 SELMORE RD','OZARK','MO','65721','',0,5211,'','02/01','','417-443-2322','June Somers','10 TO 19','','BLUE CROSS BLUE SHIELD OF MICHIGAN GROUP','Christian','','','2013-01-14 22:00:18'),(31,'jmc1','HEARTWOOD LUMBER SALES INC',0,'','6701 SELMORE RD','OZARK','MO','65721','',0,5211,'','02/01','','417-443-2322','June Somers','10 TO 19','','BLUE CROSS BLUE SHIELD OF MICHIGAN GROUP','Christian','','','2013-01-14 22:02:50'),(32,'jmc1','HEARTWOOD LUMBER SALES INC',0,'','6701 SELMORE RD','OZARK','MO','65721','',0,5211,'','02/01','','417-443-2322','June Somers','10 TO 19','','BLUE CROSS BLUE SHIELD OF MICHIGAN GROUP','Christian','','','2013-01-14 22:04:16'),(33,'jmc1','JONES & HOROWITZ SALES CO INC',0,'','1914 GRAND BLVD','KANSAS CITY','MO','64108','',0,5661,'','10/01','','816-474-4212','Alex Horowitz','10 TO 19','','ACE LTD GROUP','Jackson','','','2013-01-14 22:10:19'),(34,'jmc1','HUNT MIDWEST ENTERPRISES INC',0,'','8300 NE UNDERGROUND DR','KANSAS CITY','MO','64161','',0,6552,'','09/30','','816-455-2500','Lee A Derrough','100 TO 499','','ZURICH INSURANCE GROUP','Clay','','','2013-01-14 22:11:57'),(35,'jmc1','JONES & HOROWITZ SALES CO INC',0,'','1914 GRAND BLVD','KANSAS CITY','MO','64108','',0,5661,'','10/01','','816-474-4212','Alex Horowitz','10 TO 19','','ACE LTD GROUP','Jackson','','','2013-01-14 22:14:12'),(36,'jmc1','HUNT MIDWEST ENTERPRISES INC',0,'','8300 NE UNDERGROUND DR','KANSAS CITY','MO','64161','',0,6552,'','09/30','','816-455-2500','Lee A Derrough','100 TO 499','','ZURICH INSURANCE GROUP','Clay','','','2013-01-14 22:20:45'),(37,'jmc1','E EUGENE KING IV DDS INC',0,'','807 HAZELWEST DR','HAZELWOOD','MO','63042','',0,8021,'','02/07','','314-731-5464','Eugene King','5 TO 9','','HARTFORD FIRE AND CASUALTY GROUP','Saint Louis','','','2013-01-14 22:38:42'),(38,'jmc1','HEARTWOOD LUMBER SALES INC',0,'','6701 SELMORE RD','OZARK','MO','65721','',0,5211,'','02/01','','417-443-2322','June Somers','10 TO 19','','BLUE CROSS BLUE SHIELD OF MICHIGAN GROUP','Christian','','','2013-01-14 22:40:33'),(39,'jmc1','HEARTWOOD LUMBER SALES INC',0,'','6701 SELMORE RD','OZARK','MO','65721','',0,5211,'','02/01','','417-443-2322','June Somers','10 TO 19','','BLUE CROSS BLUE SHIELD OF MICHIGAN GROUP','Christian','','','2013-01-14 22:41:28'),(40,'jmc1','HEARTWOOD LUMBER SALES INC',0,'','6701 SELMORE RD','OZARK','MO','65721','',0,5211,'','02/01','','417-443-2322','June Somers','10 TO 19','','BLUE CROSS BLUE SHIELD OF MICHIGAN GROUP','Christian','','','2013-01-14 22:41:30'),(41,'jmc1','CENTRAL NATURAL RESOURCES INC',0,'','911 MAIN ST STE 1710','KANSAS CITY','MO','64105','',0,6519,'','02/01','','816-842-2430','Phelps C Wood','5 TO 9','','HARTFORD FIRE AND CASUALTY GROUP','Jackson','','','2013-01-14 22:41:33'),(42,'jmc1','JONES & HOROWITZ SALES CO INC',0,'','1914 GRAND BLVD','KANSAS CITY','MO','64108','',0,5661,'','10/01','','816-474-4212','Alex Horowitz','10 TO 19','','ACE LTD GROUP','Jackson','','','2013-01-14 22:42:37'),(43,'jmc1','CHINESE NODDLE CAFE INC',0,'','6138 DELMAR BLVD','SAINT LOUIS','MO','63112','',0,5812,'','02/01','','314-725-9889','Teddy Hou','0 TO 4','','ZURICH INSURANCE GROUP','Saint Louis City','','','2013-01-14 22:47:54'),(44,'jmc1','SUB TECHNOLOGIES INC',0,'','','','','','',0,5046,'','09/15','','816-795-9955','John Wells','50 TO 99','','AMERICAN INTERNATIONAL GROUP','Jackson','','','2013-01-14 22:48:51'),(45,'jmc1','CENTRAL NATURAL RESOURCES INC',0,'','911 MAIN ST STE 1710','KANSAS CITY','MO','64105','',0,6519,'','02/01','','816-842-2430','Phelps C Wood','5 TO 9','','HARTFORD FIRE AND CASUALTY GROUP','Jackson','','','2013-01-14 22:49:19'),(46,'jmc1','TOWNSEND HEATING & COOLING INC',0,'','238 E MAIN ST','FESTUS','MO','63028','',0,1711,'','11/16','','636-931-8885','Richard Townsend','10 TO 19','','UNITED FIRE AND CASUALTY GROUP','Jefferson','','','2013-01-14 22:51:11'),(47,'jmc1','HEARTWOOD LUMBER SALES INC',0,'','6701 SELMORE RD','OZARK','MO','65721','',0,5211,'','02/01','','417-443-2322','June Somers','10 TO 19','','BLUE CROSS BLUE SHIELD OF MICHIGAN GROUP','Christian','','','2013-01-14 22:52:57'),(48,'jmc1','HEARTWOOD LUMBER SALES INC',0,'','6701 SELMORE RD','OZARK','MO','65721','',0,5211,'','02/01','','417-443-2322','June Somers','10 TO 19','','BLUE CROSS BLUE SHIELD OF MICHIGAN GROUP','Christian','','','2013-01-14 22:55:10'),(49,'jmc1','HEARTWOOD LUMBER SALES INC',0,'','6701 SELMORE RD','OZARK','MO','65721','',0,5211,'','02/01','','417-443-2322','June Somers','10 TO 19','','BLUE CROSS BLUE SHIELD OF MICHIGAN GROUP','Christian','','','2013-01-14 22:55:19'),(50,'jmc1','HEARTWOOD LUMBER SALES INC',0,'','6701 SELMORE RD','OZARK','MO','65721','',0,5211,'','02/01','','417-443-2322','June Somers','10 TO 19','','BLUE CROSS BLUE SHIELD OF MICHIGAN GROUP','Christian','','','2013-01-14 22:55:48'),(51,'jmc1','HEARTWOOD LUMBER SALES INC',0,'','6701 SELMORE RD','OZARK','MO','65721','',0,5211,'','02/01','','417-443-2322','June Somers','10 TO 19','','BLUE CROSS BLUE SHIELD OF MICHIGAN GROUP','Christian','','','2013-01-14 22:57:08'),(52,'jmc1','FARMERS MUTUAL INS CO OF COLE',0,'','','','','','',0,6411,'','01/31','','660-668-2445','Harold Steffens','0 TO 4','','GRINNELL MUTUAL GROUP','Benton','','','2013-01-14 22:57:31'),(53,'jmc1','FARMERS MUTUAL INS CO OF COLE',0,'','','','','','',0,6411,'','01/31','','660-668-2445','Harold Steffens','0 TO 4','','GRINNELL MUTUAL GROUP','Benton','','','2013-01-14 22:57:54'),(54,'jmc1','FARMERS MUTUAL INS CO OF COLE',0,'','','','','','',0,6411,'','01/31','','660-668-2445','Harold Steffens','0 TO 4','','GRINNELL MUTUAL GROUP','Benton','','','2013-01-14 22:58:08'),(55,'jmc1','FARMERS MUTUAL INS CO OF COLE',0,'','','','','','',0,6411,'','01/31','','660-668-2445','Harold Steffens','0 TO 4','','GRINNELL MUTUAL GROUP','Benton','','','2013-01-14 23:03:26'),(56,'jmc1','GUARANTEE ELECTRICAL CONSTRUCTION CO PRO',0,'','3405 BENT AVE','SAINT LOUIS','MO','63116','',0,1731,'','06/30','','314-772-5400','Roger Oertli','500 PLUS','','ZURICH INSURANCE GROUP','Saint Louis City','','','2013-01-17 12:47:27'),(57,'jmc1','LOCKTON INC',0,'','444 W 47TH ST STE 900','KANSAS CITY','MO','64112','',0,6411,'','05/01','','816-960-9000','David M Lockton','500 PLUS','','HARTFORD FIRE AND CASUALTY GROUP','Jackson','','','2013-01-17 12:47:39'),(58,'jmc1','FARMERS MUTUAL INS CO OF COLE',0,'','','','','','',0,6411,'','01/31','','660-668-2445','Harold Steffens','0 TO 4','','GRINNELL MUTUAL GROUP','Benton','','','2013-01-17 13:26:46'),(59,'jmc1','CITY OF HURLEY',0,'','202 S WALNUT','HURLEY','MO','65675','',0,8999,'','11/28','','417-369-3420','Bert Bond','10 TO 19','','MISSOURI EMPLOYERS MUTUAL INSURANCE COMPANY','STONE','','','2013-01-17 13:35:50'),(60,'jmc1','MILLER JEFF',0,'','13025 HIGHWAY 48','ROSENDALE','MO','64483','',0,111,'','03/16','','816-324-3089','Jeff Miller','0 TO 4','','TRAVELERS GROUP','Andrew','','','2013-01-17 13:41:10'),(61,'jmc1','BEAL BLAKEMAN & SMITHER CPAS PC',0,'','7926 E 171ST ST STE 108','BELTON','MO','64012','',0,8721,'','01/16','','816-331-1151','Cheryl Smither','5 TO 9','','AMTRUST FINANCIAL SERVICES GROUP','Cass','','','2013-01-17 17:09:53'),(62,'jmc1','AMERICAN PLUMBING SOLUTIONS LLC',0,'','1733 RENOIR DR','O FALLON','MO','63368','',0,1711,'','10/12','','636-294-5661','Mark Wood','0 TO 4','','FIRSTCOMP INSURANCE COMPANY','Saint Charles','','','2013-01-17 17:10:59'),(63,'jmc1','CITY OF HURLEY',0,'','202 S WALNUT','HURLEY','MO','65675','',0,8999,'','11/28','','417-369-3420','Bert Bond','10 TO 19','','MISSOURI EMPLOYERS MUTUAL INSURANCE COMPANY','STONE','','','2013-01-17 17:14:08'),(64,'jmc1','MISSOURI HIGHER EDUCATION LOAN AUTHORITY',0,'','633 SPIRIT DR','CHESTERFIELD','MO','63005','',0,6111,'','09/30','','636-532-0600','Raymond Bayer Jr','100 TO 499','','WHITE MOUNTAINS GROUP','Saint Louis','','','2013-01-17 17:20:18'),(65,'jmc1','AMERICAN PLUMBING SOLUTIONS LLC',0,'','1733 RENOIR DR','O FALLON','MO','63368','',0,1711,'','10/12','','636-294-5661','Mark Wood','0 TO 4','','FIRSTCOMP INSURANCE COMPANY','Saint Charles','','','2013-01-17 17:29:39'),(66,'jmc1','BEAL BLAKEMAN & SMITHER CPAS PC',0,'','7926 E 171ST ST STE 108','BELTON','MO','64012','',0,8721,'','01/16','','816-331-1151','Cheryl Smither','5 TO 9','','AMTRUST FINANCIAL SERVICES GROUP','Cass','','','2013-01-17 17:32:33'),(67,'jmc1','CITY OF HURLEY',0,'','202 S WALNUT','HURLEY','MO','65675','',0,8999,'','11/28','','417-369-3420','Bert Bond','10 TO 19','','MISSOURI EMPLOYERS MUTUAL INSURANCE COMPANY','STONE','','','2013-01-17 22:06:36'),(68,'jmc1','BEAL BLAKEMAN & SMITHER CPAS PC',0,'','7926 E 171ST ST STE 108','BELTON','MO','64012','',0,8721,'','01/16','','816-331-1151','Cheryl Smither','5 TO 9','','AMTRUST FINANCIAL SERVICES GROUP','Cass','','','2013-01-17 22:13:54'),(69,'jmc1','BEAL BLAKEMAN & SMITHER CPAS PC',0,'','7926 E 171ST ST STE 108','BELTON','MO','64012','',0,8721,'','01/16','','816-331-1151','Cheryl Smither','5 TO 9','','AMTRUST FINANCIAL SERVICES GROUP','Cass','','','2013-01-17 22:17:55'),(70,'jmc1','MCGUIRE PLUMBING & HEATING JIM MCGUIRE L',0,'','2033 S VENTURA AVE','SPRINGFIELD','MO','65804','',0,1711,'','10/22','','417-865-6677','James McGuire','0 TO 4','','SECURA INSURANCE GROUP','Greene','','','2013-01-17 22:18:07'),(71,'jmc1','CENTRAL NATURAL RESOURCES INC',0,'','911 MAIN ST STE 1710','KANSAS CITY','MO','64105','',0,6519,'','02/01','','816-842-2430','Phelps C Wood','5 TO 9','','HARTFORD FIRE AND CASUALTY GROUP','Jackson','','','2013-01-17 22:18:22'),(72,'jmc1','RANDYS JEWELRY INC',0,'','309 S MAIN ST','O FALLON','MO','63366','',0,5094,'','10/12','','636-281-1953','Randy Hudson','5 TO 9','','FEDERATED MUTUAL GROUP','Saint Charles','','','2013-01-17 22:18:32'),(73,'jmc1','JIM BROWNE & ASSOC INC',0,'','4501 BLUE RIDGE CUT OFF','KANSAS CITY','MO','64133','',0,7812,'','11/22','','816-358-2300','James Browne','0 TO 4','','WR BERKLEY CORPORATION GROUP','Jackson','','','2013-01-17 22:18:40'),(74,'jmc1','ALPHA PLASTICS INC',0,'','1555 PAGE INDUSTRIAL BLVD','SAINT LOUIS','MO','63132','',0,3085,'','07/23','','314-427-4300','David Spence','500 PLUS','','TRAVELERS GROUP','Saint Louis','','','2013-01-17 22:19:12'),(75,'jmc1','HELZBERGS DIAMONDS SHOPS INC',0,'','1825 SWIFT AVE','N KANSAS CITY','MO','64116','',0,5944,'','09/01','','816-842-7780','Beryl Raff','500 PLUS','','HARTFORD FIRE AND CASUALTY GROUP','Clay','','','2013-01-17 22:19:38'),(76,'jmc1','KELLY MITCHELL GROUP INC',0,'','101 S HANLEY RD STE 1100','CLAYTON','MO','63105','',0,7371,'','08/01','','314-727-1700','Cassandra Sanford','500 PLUS','','WHITE MOUNTAINS GROUP','Saint Louis','','','2013-01-17 22:19:49'),(77,'jmc1','E E NEWCOMER ENTERPRISES INC',0,'','1142 CLAY ST','KANSAS CITY','MO','64116','',0,5031,'','01/01','','816-221-0543','Rex E Newcomer','500 PLUS','','ZURICH INSURANCE GROUP','Clay','','','2013-01-17 22:19:59'),(78,'jmc1','E E NEWCOMER ENTERPRISES INC',0,'','1142 CLAY ST','KANSAS CITY','MO','64116','',0,5031,'','01/01','','816-221-0543','Rex E Newcomer','500 PLUS','','ZURICH INSURANCE GROUP','Clay','','','2013-01-17 22:20:16'),(79,'jmc1','HEARTWOOD LUMBER SALES INC',0,'','6701 SELMORE RD','OZARK','MO','65721','',0,5211,'','02/01','','417-443-2322','June Somers','10 TO 19','','BLUE CROSS BLUE SHIELD OF MICHIGAN GROUP','Christian','','','2013-01-17 22:21:04'),(80,'jmc1','AMERICAN PLUMBING SOLUTIONS LLC',0,'','1733 RENOIR DR','O FALLON','MO','63368','',0,1711,'','10/12','','636-294-5661','Mark Wood','0 TO 4','','FIRSTCOMP INSURANCE COMPANY','Saint Charles','','','2013-01-17 22:21:10'),(81,'jmc1','FIRST STATE BANK',0,'','802 S MAIN ST','JOPLIN','MO','64801','',0,6022,'','05/03','','417-623-4811','Alden Buerge','50 TO 99','','CHUBB AND SON INC GROUP','Jasper','','','2013-01-17 22:21:37'),(82,'jmc1','BANK OF ST ELIZABETH',0,'','','','','','',0,6022,'','01/10','','573-493-2313','Brice Luetkemeyer','10 TO 19','','AMERICAN FAMILY INSURANCE GROUP','Miller','','','2013-01-17 22:27:13'),(83,'jmc1','BANK OF ST ELIZABETH',0,'','','','','','',0,6022,'','01/10','','573-493-2313','Brice Luetkemeyer','10 TO 19','','AMERICAN FAMILY INSURANCE GROUP','Miller','','','2013-01-17 22:27:39'),(84,'jmc1','FIRST STATE BANK',0,'','802 S MAIN ST','JOPLIN','MO','64801','',0,6022,'','05/03','','417-623-4811','Alden Buerge','50 TO 99','','CHUBB AND SON INC GROUP','Jasper','','','2013-01-17 22:27:46'),(85,'jmc1','SECURITY BANK OF PULASKI COUNTY',0,'','601 MARSHALL DRIVE','ST ROBERT','MO','65584','',0,6022,'','04/17','','573-774-6418','Michael Dunbar','20 TO 49','','STATE AUTO MUTUAL GROUP','PULASKI','','','2013-01-17 22:29:45'),(86,'jmc1','AMERICAN PLUMBING SOLUTIONS LLC',0,'','1733 RENOIR DR','O FALLON','MO','63368','',0,1711,'','10/12','','636-294-5661','Mark Wood','0 TO 4','','FIRSTCOMP INSURANCE COMPANY','Saint Charles','','','2013-01-20 12:19:25'),(87,'jmc1','MISSOURI HIGHER EDUCATION LOAN AUTHORITY',0,'','633 SPIRIT DR','CHESTERFIELD','MO','63005','',0,6111,'','09/30','','636-532-0600','Raymond Bayer Jr','100 TO 499','','WHITE MOUNTAINS GROUP','Saint Louis','','','2013-01-20 12:26:48'),(88,'jmc1','CITY OF HURLEY',0,'','202 S WALNUT','HURLEY','MO','65675','',0,8999,'','11/28','','417-369-3420','Bert Bond','10 TO 19','','MISSOURI EMPLOYERS MUTUAL INSURANCE COMPANY','STONE','','','2013-01-20 12:37:07'),(89,'jmc1','FIRST STATE BANK',0,'','802 S MAIN ST','JOPLIN','MO','64801','',0,6022,'','05/03','','417-623-4811','Alden Buerge','50 TO 99','','CHUBB AND SON INC GROUP','Jasper','','','2013-01-20 12:37:24'),(90,'jmc1','CITY OF HURLEY',0,'','202 S WALNUT','HURLEY','MO','65675','',0,8999,'','11/28','','417-369-3420','Bert Bond','10 TO 19','','MISSOURI EMPLOYERS MUTUAL INSURANCE COMPANY','STONE','','','2013-01-20 12:51:04'),(91,'jmc1','HEARTWOOD LUMBER SALES INC',0,'','6701 SELMORE RD','OZARK','MO','65721','',0,5211,'','02/01','','417-443-2322','June Somers','10 TO 19','','BLUE CROSS BLUE SHIELD OF MICHIGAN GROUP','Christian','','','2013-01-20 12:57:43'),(92,'jmc1','MISSOURI HIGHER EDUCATION LOAN AUTHORITY',0,'','633 SPIRIT DR','CHESTERFIELD','MO','63005','',0,6111,'','09/30','','636-532-0600','Raymond Bayer Jr','100 TO 499','','WHITE MOUNTAINS GROUP','Saint Louis','','','2013-01-20 12:59:50'),(93,'jmc1','HEARTWOOD LUMBER SALES INC',0,'','6701 SELMORE RD','OZARK','MO','65721','',0,5211,'','02/01','','417-443-2322','June Somers','10 TO 19','','BLUE CROSS BLUE SHIELD OF MICHIGAN GROUP','Christian','','','2013-01-20 13:03:38'),(94,'jmc1','AMERICAN PLUMBING SOLUTIONS LLC',0,'','1733 RENOIR DR','O FALLON','MO','63368','',0,1711,'','10/12','','636-294-5661','Mark Wood','0 TO 4','','FIRSTCOMP INSURANCE COMPANY','Saint Charles','','','2013-01-20 13:04:03'),(95,'jmc1','CITY OF HURLEY',0,'','202 S WALNUT','HURLEY','MO','65675','',0,8999,'','11/28','','417-369-3420','Bert Bond','10 TO 19','','MISSOURI EMPLOYERS MUTUAL INSURANCE COMPANY','STONE','','','2013-01-25 09:54:56'),(96,'jmc1','AMERICAN PLUMBING SOLUTIONS LLC',0,'','1733 RENOIR DR','O FALLON','MO','63368','',0,1711,'','10/12','','636-294-5661','Mark Wood','0 TO 4','','FIRSTCOMP INSURANCE COMPANY','Saint Charles','','','2013-01-25 09:56:53'),(97,'jmc1','FARMERS MUTUAL INS CO OF COLE',0,'','','','','','',0,6411,'','01/31','','660-668-2445','Harold Steffens','0 TO 4','','GRINNELL MUTUAL GROUP','Benton','','','2013-01-25 20:07:41'),(98,'jmc1','BEAL BLAKEMAN & SMITHER CPAS PC',0,'','7926 E 171ST ST STE 108','BELTON','MO','64012','',0,8721,'','01/16','','816-331-1151','Cheryl Smither','5 TO 9','','AMTRUST FINANCIAL SERVICES GROUP','Cass','','','2013-01-25 20:10:33'),(99,'jmc1','FARMERS MUTUAL INS CO OF COLE',0,'','','','','','',0,6411,'','01/31','','660-668-2445','Harold Steffens','0 TO 4','','GRINNELL MUTUAL GROUP','Benton','','','2013-01-25 20:44:29'),(100,'jmc1','CITY OF HURLEY',0,'','202 S WALNUT','HURLEY','MO','65675','',0,8999,'','11/28','','417-369-3420','Bert Bond','10 TO 19','','MISSOURI EMPLOYERS MUTUAL INSURANCE COMPANY','STONE','','','2013-01-25 20:59:52'),(101,'jmc1','MISSOURI HIGHER EDUCATION LOAN AUTHORITY',0,'','633 SPIRIT DR','CHESTERFIELD','MO','63005','',0,6111,'','09/30','','636-532-0600','Raymond Bayer Jr','100 TO 499','','WHITE MOUNTAINS GROUP','Saint Louis','','','2013-01-25 21:04:19'),(102,'jmc1','HEARTWOOD LUMBER SALES INC',0,'','6701 SELMORE RD','OZARK','MO','65721','',0,5211,'','02/01','','417-443-2322','June Somers','10 TO 19','','BLUE CROSS BLUE SHIELD OF MICHIGAN GROUP','Christian','','','2013-01-25 21:13:16'),(103,'jmc1','AMERICAN PLUMBING SOLUTIONS LLC',0,'','1733 RENOIR DR','O FALLON','MO','63368','',0,1711,'','10/12','','636-294-5661','Mark Wood','0 TO 4','','FIRSTCOMP INSURANCE COMPANY','Saint Charles','','','2013-01-25 21:53:48'),(104,'jmc1','BEAL BLAKEMAN & SMITHER CPAS PC',0,'','7926 E 171ST ST STE 108','BELTON','MO','64012','',0,8721,'','01/16','','816-331-1151','Cheryl Smither','5 TO 9','','AMTRUST FINANCIAL SERVICES GROUP','Cass','','','2013-01-27 11:49:36'),(105,'jmc1','HEARTWOOD LUMBER SALES INC',0,'','6701 SELMORE RD','OZARK','MO','65721','',0,5211,'','02/01','','417-443-2322','June Somers','10 TO 19','','BLUE CROSS BLUE SHIELD OF MICHIGAN GROUP','Christian','','','2013-01-27 19:25:02'),(106,'jmc1','MISSOURI HIGHER EDUCATION LOAN AUTHORITY',0,'','633 SPIRIT DR','CHESTERFIELD','MO','63005','',0,6111,'','09/30','','636-532-0600','Raymond Bayer Jr','100 TO 499','','WHITE MOUNTAINS GROUP','Saint Louis','','','2013-01-27 19:36:33'),(107,'jmc1','HEARTWOOD LUMBER SALES INC',0,'','6701 SELMORE RD','OZARK','MO','65721','',0,5211,'','02/01','','417-443-2322','June Somers','10 TO 19','','BLUE CROSS BLUE SHIELD OF MICHIGAN GROUP','Christian','','','2013-01-28 19:14:53'),(108,'jmc1','AMERICAN PLUMBING SOLUTIONS LLC',0,'','1733 RENOIR DR','O FALLON','MO','63368','',0,1711,'','10/12','','636-294-5661','Mark Wood','0 TO 4','','FIRSTCOMP INSURANCE COMPANY','Saint Charles','','','2013-01-29 17:21:00'),(109,'jmc1','MCGUIRE PLUMBING & HEATING JIM MCGUIRE L',0,'','2033 S VENTURA AVE','SPRINGFIELD','MO','65804','',0,1711,'','10/22','','417-865-6677','James McGuire','0 TO 4','','SECURA INSURANCE GROUP','Greene','','','2013-01-29 17:25:27'),(110,'jmc1','JONES & HOROWITZ SALES CO INC',0,'','1914 GRAND BLVD','KANSAS CITY','MO','64108','',0,5661,'','10/01','','816-474-4212','Alex Horowitz','10 TO 19','','ACE LTD GROUP','Jackson','','','2013-01-29 17:32:44'),(111,'','FIRST CHOICE RESEARCH & INVESTIGATION INC',0,'','6365 TAFT ST','HOLLYWOOD','FL','33024','',0,7389,'','02/01','TWIN CITY FIRE INSURANCE COMPANY COMPANY','888-878-1595','Jackie Loriga','20 TO 49','','HARTFORD FIRE AND CASUALTY GROUP','Broward','','','2013-03-04 12:25:51');
/*!40000 ALTER TABLE `usageinfo` ENABLE KEYS */;
UNLOCK TABLES;

--
-- Table structure for table `user`
--

DROP TABLE IF EXISTS `user`;
/*!40101 SET @saved_cs_client     = @@character_set_client */;
/*!40101 SET character_set_client = utf8 */;
CREATE TABLE `user` (
  `id` int(11) NOT NULL AUTO_INCREMENT,
  `userName` varchar(45) NOT NULL,
  `filePath` varchar(150) DEFAULT NULL,
  `lastloginDate` datetime DEFAULT NULL,
  `states` varchar(45) NOT NULL,
  `activationdate` datetime DEFAULT NULL,
  `renewaldate` datetime DEFAULT NULL,
  `expirationdate` datetime DEFAULT NULL,
  `companyName` varchar(45) NOT NULL,
  `admin` bit(1) NOT NULL,
  `canexportlist` bit(1) NOT NULL,
  `maxreportviewspermonth` int(11) unsigned zerofill NOT NULL,
  `maxexports` int(11) unsigned zerofill NOT NULL,
  `maxjigsawreportsviewspermonth` int(11) unsigned zerofill NOT NULL,
  `maxjigsawexports` int(11) unsigned zerofill NOT NULL,
  `showcarrier` bit(1) NOT NULL DEFAULT b'0',
  `showstatusfld` bit(1) NOT NULL DEFAULT b'0',
  `internalaccount` bit(1) NOT NULL DEFAULT b'0',
  `testaccount` bit(1) NOT NULL DEFAULT b'0',
  `password` varchar(45) NOT NULL,
  `firstName` varchar(100) NOT NULL,
  `lastName` varchar(100) NOT NULL,
  `headline` varchar(100) DEFAULT NULL,
  `profilerequest` varchar(1000) DEFAULT NULL,
  `email` varchar(45) DEFAULT NULL,
  `linkedinId` varchar(45) DEFAULT NULL,
  `maxjigsawreportsviewsperyear` int(11) unsigned zerofill NOT NULL,
  `maxreportviewsperyear` int(11) unsigned zerofill NOT NULL,
  `reportsViewByMonth` bit(1) DEFAULT NULL,
  `reportsJigwasByMonth` bit(1) DEFAULT NULL,
  PRIMARY KEY (`id`)
) ENGINE=InnoDB AUTO_INCREMENT=25 DEFAULT CHARSET=utf8;
/*!40101 SET character_set_client = @saved_cs_client */;

--
-- Dumping data for table `user`
--

LOCK TABLES `user` WRITE;
/*!40000 ALTER TABLE `user` DISABLE KEYS */;
INSERT INTO `user` VALUES (15,'','',NULL,'','2011-10-10 00:00:00',NULL,'2012-11-11 00:00:00','Test','','',00000000999,00000000100,00000000555,00000000100,'','','\0','\0','test@test.com','Test','Test',NULL,NULL,'test@test.com',NULL,00000000333,00000000001,'\0','\0'),(16,'','',NULL,'FL','2011-10-10 00:00:00',NULL,'2012-11-11 00:00:00','Test','','',00000000100,00000000100,00000000100,00000000100,'','','\0','\0','test@test.com','Test','Test',NULL,NULL,'test2@test.com',NULL,00000000001,00000000001,'',''),(23,'','',NULL,'',NULL,NULL,NULL,'','\0','\0',00000000000,00000000000,00000000000,00000000000,'\0','\0','\0','\0','','','',NULL,NULL,'test8@test.com',NULL,00000000001,00000000001,'',''),(24,'','',NULL,'FL',NULL,NULL,NULL,'','\0','\0',00000000004,00000000005,00000000011,00000000003,'\0','\0','\0','\0','test222@test.com','','',NULL,NULL,'test222@test.com',NULL,00000000014,00000000002,'','');
/*!40000 ALTER TABLE `user` ENABLE KEYS */;
UNLOCK TABLES;

--
-- Table structure for table `user_role`
--

DROP TABLE IF EXISTS `user_role`;
/*!40101 SET @saved_cs_client     = @@character_set_client */;
/*!40101 SET character_set_client = utf8 */;
CREATE TABLE `user_role` (
  `userId` int(11) NOT NULL,
  `roleId` int(11) NOT NULL,
  PRIMARY KEY (`userId`,`roleId`),
  KEY `userId_idx` (`userId`),
  KEY `roleId_idx` (`roleId`),
  CONSTRAINT `userId` FOREIGN KEY (`userId`) REFERENCES `user` (`id`) ON DELETE CASCADE ON UPDATE NO ACTION,
  CONSTRAINT `roleId` FOREIGN KEY (`roleId`) REFERENCES `role` (`id`) ON DELETE NO ACTION ON UPDATE NO ACTION
) ENGINE=InnoDB DEFAULT CHARSET=utf8;
/*!40101 SET character_set_client = @saved_cs_client */;

--
-- Dumping data for table `user_role`
--

LOCK TABLES `user_role` WRITE;
/*!40000 ALTER TABLE `user_role` DISABLE KEYS */;
INSERT INTO `user_role` VALUES (15,1),(15,5),(16,1),(16,5),(23,1),(24,1);
/*!40000 ALTER TABLE `user_role` ENABLE KEYS */;
UNLOCK TABLES;

--
-- Table structure for table `user_states`
--

DROP TABLE IF EXISTS `user_states`;
/*!40101 SET @saved_cs_client     = @@character_set_client */;
/*!40101 SET character_set_client = utf8 */;
CREATE TABLE `user_states` (
  `id` int(11) NOT NULL AUTO_INCREMENT,
  `userId` int(11) NOT NULL,
  `state_name` varchar(45) NOT NULL,
  PRIMARY KEY (`id`),
  UNIQUE KEY `id_UNIQUE` (`id`),
  KEY `filelist_foreign_idx` (`userId`),
  KEY `user_idForein_idx` (`userId`),
  CONSTRAINT `user_idForein` FOREIGN KEY (`userId`) REFERENCES `user` (`id`) ON DELETE CASCADE ON UPDATE NO ACTION
) ENGINE=InnoDB AUTO_INCREMENT=15 DEFAULT CHARSET=utf8;
/*!40101 SET character_set_client = @saved_cs_client */;

--
-- Dumping data for table `user_states`
--

LOCK TABLES `user_states` WRITE;
/*!40000 ALTER TABLE `user_states` DISABLE KEYS */;
INSERT INTO `user_states` VALUES (10,23,'MO'),(13,24,'FL'),(14,15,'FL');
/*!40000 ALTER TABLE `user_states` ENABLE KEYS */;
UNLOCK TABLES;

--
-- Table structure for table `usercredits`
--

DROP TABLE IF EXISTS `usercredits`;
/*!40101 SET @saved_cs_client     = @@character_set_client */;
/*!40101 SET character_set_client = utf8 */;
CREATE TABLE `usercredits` (
  `id` int(11) NOT NULL AUTO_INCREMENT,
  `user_id` int(11) NOT NULL,
  `credits` int(11) NOT NULL,
  PRIMARY KEY (`id`),
  UNIQUE KEY `id_UNIQUE` (`id`)
) ENGINE=InnoDB AUTO_INCREMENT=2 DEFAULT CHARSET=utf8;
/*!40101 SET character_set_client = @saved_cs_client */;

--
-- Dumping data for table `usercredits`
--

LOCK TABLES `usercredits` WRITE;
/*!40000 ALTER TABLE `usercredits` DISABLE KEYS */;
INSERT INTO `usercredits` VALUES (1,84,50);
/*!40000 ALTER TABLE `usercredits` ENABLE KEYS */;
UNLOCK TABLES;

--
-- Dumping events for database 'state_schematic'
--

--
-- Dumping routines for database 'state_schematic'
--
/*!40103 SET TIME_ZONE=@OLD_TIME_ZONE */;

/*!40101 SET SQL_MODE=@OLD_SQL_MODE */;
/*!40014 SET FOREIGN_KEY_CHECKS=@OLD_FOREIGN_KEY_CHECKS */;
/*!40014 SET UNIQUE_CHECKS=@OLD_UNIQUE_CHECKS */;
/*!40101 SET CHARACTER_SET_CLIENT=@OLD_CHARACTER_SET_CLIENT */;
/*!40101 SET CHARACTER_SET_RESULTS=@OLD_CHARACTER_SET_RESULTS */;
/*!40101 SET COLLATION_CONNECTION=@OLD_COLLATION_CONNECTION */;
/*!40111 SET SQL_NOTES=@OLD_SQL_NOTES */;

-- Dump completed on 2013-03-04 12:31:42
